[0m04:50:28.868268 [debug] [MainThread]: Sending event: {'category': 'dbt', 'action': 'invocation', 'label': 'start', 'context': [<snowplow_tracker.self_describing_json.SelfDescribingJson object at 0x10cef86e0>, <snowplow_tracker.self_describing_json.SelfDescribingJson object at 0x10e3fafd0>, <snowplow_tracker.self_describing_json.SelfDescribingJson object at 0x10e3fae90>]}


============================== 04:50:28.871223 | 3f5a7427-779e-4340-a4bc-80aa8f66c6f4 ==============================
[0m04:50:28.871223 [info ] [MainThread]: Running with dbt=1.12.0
[0m04:50:28.871558 [debug] [MainThread]: running dbt with arguments {'log_path': '/Users/prabhushankar/Documents/NYC_TLC/dbt/logs', 'use_colors': 'True', 'empty': 'None', 'invocation_command': 'dbt debug', 'log_cache_events': 'False', 'cache_selected_only': 'False', 'target_path': 'None', 'profiles_dir': '/Users/prabhushankar/.dbt', 'send_anonymous_usage_stats': 'True', 'maximum_seed_size_mib': '1', 'no_print': 'None', 'printer_width': '80', 'warn_error_options': 'WarnErrorOptionsV2(error=[], warn=[], silence=[])', 'introspect': 'True', 'hints_enabled': 'True', 'partial_parse': 'True', 'static_parser': 'True', 'version_check': 'True', 'log_format': 'default', 'quiet': 'False', 'warn_error': 'None', 'indirect_selection': 'eager', 'debug': 'False', 'fail_fast': 'False', 'use_experimental_parser': 'False', 'write_json': 'True'}
[0m04:50:28.882874 [info ] [MainThread]: dbt version: 1.12.0
[0m04:50:28.883106 [info ] [MainThread]: python version: 3.14.3
[0m04:50:28.883260 [info ] [MainThread]: python path: /Users/prabhushankar/Documents/NYC_TLC/venv/bin/python3.14
[0m04:50:28.883407 [info ] [MainThread]: os info: macOS-26.5-arm64-arm-64bit-Mach-O
[0m04:50:28.883554 [info ] [MainThread]: Using profiles dir at /Users/prabhushankar/.dbt
[0m04:50:28.883691 [info ] [MainThread]: Using profiles.yml file at /Users/prabhushankar/.dbt/profiles.yml
[0m04:50:28.883824 [info ] [MainThread]: Using dbt_project.yml file at /Users/prabhushankar/Documents/NYC_TLC/dbt/dbt_project.yml
[0m04:50:28.970946 [info ] [MainThread]: Configuration:
[0m04:50:28.971267 [info ] [MainThread]:   profiles.yml file [[31mERROR not found[0m]
[0m04:50:28.971454 [info ] [MainThread]:   dbt_project.yml file [[32mOK found and valid[0m]
[0m04:50:28.971609 [info ] [MainThread]: Required dependencies:
[0m04:50:28.971838 [debug] [MainThread]: Executing "git --help"
[0m04:50:28.993409 [debug] [MainThread]: STDOUT: "b"usage: git [-v | --version] [-h | --help] [-C <path>] [-c <name>=<value>]\n           [--exec-path[=<path>]] [--html-path] [--man-path] [--info-path]\n           [-p | --paginate | -P | --no-pager] [--no-replace-objects] [--bare]\n           [--git-dir=<path>] [--work-tree=<path>] [--namespace=<name>]\n           [--super-prefix=<path>] [--config-env=<name>=<envvar>]\n           <command> [<args>]\n\nThese are common Git commands used in various situations:\n\nstart a working area (see also: git help tutorial)\n   clone     Clone a repository into a new directory\n   init      Create an empty Git repository or reinitialize an existing one\n\nwork on the current change (see also: git help everyday)\n   add       Add file contents to the index\n   mv        Move or rename a file, a directory, or a symlink\n   restore   Restore working tree files\n   rm        Remove files from the working tree and from the index\n\nexamine the history and state (see also: git help revisions)\n   bisect    Use binary search to find the commit that introduced a bug\n   diff      Show changes between commits, commit and working tree, etc\n   grep      Print lines matching a pattern\n   log       Show commit logs\n   show      Show various types of objects\n   status    Show the working tree status\n\ngrow, mark and tweak your common history\n   branch    List, create, or delete branches\n   commit    Record changes to the repository\n   merge     Join two or more development histories together\n   rebase    Reapply commits on top of another base tip\n   reset     Reset current HEAD to the specified state\n   switch    Switch branches\n   tag       Create, list, delete or verify a tag object signed with GPG\n\ncollaborate (see also: git help workflows)\n   fetch     Download objects and refs from another repository\n   pull      Fetch from and integrate with another repository or a local branch\n   push      Update remote refs along with associated objects\n\n'git help -a' and 'git help -g' list available subcommands and some\nconcept guides. See 'git help <command>' or 'git help <concept>'\nto read about a specific subcommand or concept.\nSee 'git help git' for an overview of the system.\n""
[0m04:50:28.994067 [debug] [MainThread]: STDERR: "b''"
[0m04:50:28.994301 [info ] [MainThread]:  - git [[32mOK found[0m]

[0m04:50:28.994505 [info ] [MainThread]: Connection test skipped since no profile was found
[0m04:50:28.994681 [info ] [MainThread]: [31m1 check failed:[0m
[0m04:50:28.994831 [info ] [MainThread]: dbt looked for a profiles.yml file in /Users/prabhushankar/.dbt/profiles.yml, but did
not find one. For more information on configuring your profile, consult the
documentation:

https://docs.getdbt.com/docs/configure-your-profile


[0m04:50:29.001324 [debug] [MainThread]: Resource report: {"command_name": "debug", "command_success": false, "command_wall_clock_time": 0.18819067, "process_in_blocks": "0", "process_kernel_time": 0.147345, "process_mem_max_rss": "131776512", "process_out_blocks": "0", "process_user_time": 0.765562}
[0m04:50:29.001715 [debug] [MainThread]: Command `dbt debug` failed at 04:50:29.001655 after 0.19 seconds
[0m04:50:29.002028 [debug] [MainThread]: Sending event: {'category': 'dbt', 'action': 'invocation', 'label': 'end', 'context': [<snowplow_tracker.self_describing_json.SelfDescribingJson object at 0x10e22ac40>, <snowplow_tracker.self_describing_json.SelfDescribingJson object at 0x10e5cd490>, <snowplow_tracker.self_describing_json.SelfDescribingJson object at 0x10d6bdd00>]}
[0m04:50:29.002295 [debug] [MainThread]: Flushing usage events
[0m04:50:29.322548 [debug] [MainThread]: An error was encountered while trying to flush usage events
[0m04:56:08.004982 [debug] [MainThread]: Sending event: {'category': 'dbt', 'action': 'invocation', 'label': 'start', 'context': [<snowplow_tracker.self_describing_json.SelfDescribingJson object at 0x10d4dc6e0>, <snowplow_tracker.self_describing_json.SelfDescribingJson object at 0x10e9defd0>, <snowplow_tracker.self_describing_json.SelfDescribingJson object at 0x10e9dee90>]}


============================== 04:56:08.008155 | e9317caf-c208-43ac-a6b5-f3188bc6af50 ==============================
[0m04:56:08.008155 [info ] [MainThread]: Running with dbt=1.12.0
[0m04:56:08.008481 [debug] [MainThread]: running dbt with arguments {'target_path': 'None', 'printer_width': '80', 'version_check': 'True', 'warn_error': 'None', 'introspect': 'True', 'write_json': 'True', 'warn_error_options': 'WarnErrorOptionsV2(error=[], warn=[], silence=[])', 'empty': 'None', 'static_parser': 'True', 'fail_fast': 'False', 'hints_enabled': 'True', 'profiles_dir': '/Users/prabhushankar/.dbt', 'partial_parse': 'True', 'use_experimental_parser': 'False', 'quiet': 'False', 'no_print': 'None', 'invocation_command': 'dbt debug', 'debug': 'False', 'cache_selected_only': 'False', 'send_anonymous_usage_stats': 'True', 'indirect_selection': 'eager', 'log_cache_events': 'False', 'use_colors': 'True', 'log_format': 'default', 'log_path': '/Users/prabhushankar/Documents/NYC_TLC/dbt/logs', 'maximum_seed_size_mib': '1'}
[0m04:56:08.020455 [info ] [MainThread]: dbt version: 1.12.0
[0m04:56:08.020693 [info ] [MainThread]: python version: 3.14.3
[0m04:56:08.020852 [info ] [MainThread]: python path: /Users/prabhushankar/Documents/NYC_TLC/venv/bin/python3.14
[0m04:56:08.021004 [info ] [MainThread]: os info: macOS-26.5-arm64-arm-64bit-Mach-O
[0m04:56:08.285622 [debug] [MainThread]: Snowflake adapter: Setting snowflake.connector to ERROR (file logging only)
[0m04:56:08.285915 [debug] [MainThread]: Snowflake adapter: Setting botocore to ERROR (file logging only)
[0m04:56:08.286082 [debug] [MainThread]: Snowflake adapter: Setting boto3 to ERROR (file logging only)
[0m04:56:08.344321 [info ] [MainThread]: Using profiles dir at /Users/prabhushankar/.dbt
[0m04:56:08.344604 [info ] [MainThread]: Using profiles.yml file at /Users/prabhushankar/.dbt/profiles.yml
[0m04:56:08.344776 [info ] [MainThread]: Using dbt_project.yml file at /Users/prabhushankar/Documents/NYC_TLC/dbt/dbt_project.yml
[0m04:56:08.345222 [info ] [MainThread]: adapter type: snowflake
[0m04:56:08.345424 [info ] [MainThread]: adapter version: 1.12.0
[0m04:56:08.395979 [info ] [MainThread]: Configuration:
[0m04:56:08.396265 [info ] [MainThread]:   profiles.yml file [[32mOK found and valid[0m]
[0m04:56:08.396446 [info ] [MainThread]:   dbt_project.yml file [[32mOK found and valid[0m]
[0m04:56:08.396605 [info ] [MainThread]: Required dependencies:
[0m04:56:08.396852 [debug] [MainThread]: Executing "git --help"
[0m04:56:08.462528 [debug] [MainThread]: STDOUT: "b"usage: git [-v | --version] [-h | --help] [-C <path>] [-c <name>=<value>]\n           [--exec-path[=<path>]] [--html-path] [--man-path] [--info-path]\n           [-p | --paginate | -P | --no-pager] [--no-replace-objects] [--bare]\n           [--git-dir=<path>] [--work-tree=<path>] [--namespace=<name>]\n           [--super-prefix=<path>] [--config-env=<name>=<envvar>]\n           <command> [<args>]\n\nThese are common Git commands used in various situations:\n\nstart a working area (see also: git help tutorial)\n   clone     Clone a repository into a new directory\n   init      Create an empty Git repository or reinitialize an existing one\n\nwork on the current change (see also: git help everyday)\n   add       Add file contents to the index\n   mv        Move or rename a file, a directory, or a symlink\n   restore   Restore working tree files\n   rm        Remove files from the working tree and from the index\n\nexamine the history and state (see also: git help revisions)\n   bisect    Use binary search to find the commit that introduced a bug\n   diff      Show changes between commits, commit and working tree, etc\n   grep      Print lines matching a pattern\n   log       Show commit logs\n   show      Show various types of objects\n   status    Show the working tree status\n\ngrow, mark and tweak your common history\n   branch    List, create, or delete branches\n   commit    Record changes to the repository\n   merge     Join two or more development histories together\n   rebase    Reapply commits on top of another base tip\n   reset     Reset current HEAD to the specified state\n   switch    Switch branches\n   tag       Create, list, delete or verify a tag object signed with GPG\n\ncollaborate (see also: git help workflows)\n   fetch     Download objects and refs from another repository\n   pull      Fetch from and integrate with another repository or a local branch\n   push      Update remote refs along with associated objects\n\n'git help -a' and 'git help -g' list available subcommands and some\nconcept guides. See 'git help <command>' or 'git help <concept>'\nto read about a specific subcommand or concept.\nSee 'git help git' for an overview of the system.\n""
[0m04:56:08.463152 [debug] [MainThread]: STDERR: "b''"
[0m04:56:08.463347 [info ] [MainThread]:  - git [[32mOK found[0m]

[0m04:56:08.463548 [info ] [MainThread]: Connection:
[0m04:56:08.463761 [info ] [MainThread]:   account: DYYOIZK-CB67234
[0m04:56:08.463916 [info ] [MainThread]:   user: PRABHUS
[0m04:56:08.464055 [info ] [MainThread]:   database: NYC_TAXI
[0m04:56:08.464197 [info ] [MainThread]:   warehouse: LOAD_WH
[0m04:56:08.464332 [info ] [MainThread]:   role: SYSADMIN
[0m04:56:08.464471 [info ] [MainThread]:   schema: ANALYTICS
[0m04:56:08.464605 [info ] [MainThread]:   authenticator: None
[0m04:56:08.464825 [info ] [MainThread]:   oauth_client_id: None
[0m04:56:08.464995 [info ] [MainThread]:   query_tag: None
[0m04:56:08.465154 [info ] [MainThread]:   client_session_keep_alive: False
[0m04:56:08.465304 [info ] [MainThread]:   host: None
[0m04:56:08.465447 [info ] [MainThread]:   port: None
[0m04:56:08.465590 [info ] [MainThread]:   proxy_host: None
[0m04:56:08.465742 [info ] [MainThread]:   proxy_port: None
[0m04:56:08.465881 [info ] [MainThread]:   protocol: None
[0m04:56:08.466017 [info ] [MainThread]:   connect_retries: 1
[0m04:56:08.466151 [info ] [MainThread]:   connect_timeout: None
[0m04:56:08.466287 [info ] [MainThread]:   retry_on_database_errors: False
[0m04:56:08.466424 [info ] [MainThread]:   retry_all: False
[0m04:56:08.466557 [info ] [MainThread]:   insecure_mode: False
[0m04:56:08.466692 [info ] [MainThread]:   reuse_connections: True
[0m04:56:08.466827 [info ] [MainThread]:   s3_stage_vpce_dns_name: None
[0m04:56:08.466965 [info ] [MainThread]:   workload_identity_provider: None
[0m04:56:08.467101 [info ] [MainThread]:   workload_identity_entra_resource: None
[0m04:56:08.467239 [info ] [MainThread]:   platform_detection_timeout_seconds: 0.0
[0m04:56:08.467619 [info ] [MainThread]: Registered adapter: snowflake=1.12.0
[0m04:56:08.524439 [debug] [MainThread]: Acquiring new snowflake connection 'debug'
[0m04:56:08.526204 [debug] [MainThread]: Using snowflake connection "debug"
[0m04:56:08.526382 [debug] [MainThread]: On debug: select 1 as id
[0m04:56:08.526532 [debug] [MainThread]: Opening a new connection, currently in state init
[0m04:56:09.209125 [debug] [MainThread]: SQL status: SUCCESS 1 in 0.683 seconds
[0m04:56:09.210079 [info ] [MainThread]:   Connection test: [[32mOK connection ok[0m]

[0m04:56:09.210412 [info ] [MainThread]: [32mAll checks passed![0m
[0m04:56:09.213938 [debug] [MainThread]: Resource report: {"command_name": "debug", "command_success": true, "command_wall_clock_time": 1.2643751, "process_in_blocks": "0", "process_kernel_time": 0.259121, "process_mem_max_rss": "192102400", "process_out_blocks": "0", "process_user_time": 1.153421}
[0m04:56:09.214358 [debug] [MainThread]: Command `dbt debug` succeeded at 04:56:09.214280 after 1.26 seconds
[0m04:56:09.214625 [debug] [MainThread]: Connection 'debug' was left open.
[0m04:56:09.214964 [debug] [MainThread]: On debug: Close
[0m04:56:09.350556 [debug] [MainThread]: Sending event: {'category': 'dbt', 'action': 'invocation', 'label': 'end', 'context': [<snowplow_tracker.self_describing_json.SelfDescribingJson object at 0x110ac76f0>, <snowplow_tracker.self_describing_json.SelfDescribingJson object at 0x110fefad0>, <snowplow_tracker.self_describing_json.SelfDescribingJson object at 0x110fa7460>]}
[0m04:56:09.351042 [debug] [MainThread]: Flushing usage events
[0m04:56:09.583353 [debug] [MainThread]: An error was encountered while trying to flush usage events
[0m04:59:17.855117 [debug] [MainThread]: Sending event: {'category': 'dbt', 'action': 'invocation', 'label': 'start', 'context': [<snowplow_tracker.self_describing_json.SelfDescribingJson object at 0x10cd3c6e0>, <snowplow_tracker.self_describing_json.SelfDescribingJson object at 0x10e2a6710>, <snowplow_tracker.self_describing_json.SelfDescribingJson object at 0x10e2a6990>]}


============================== 04:59:17.858425 | 2843c224-2cab-4c2e-830c-da014bdd1619 ==============================
[0m04:59:17.858425 [info ] [MainThread]: Running with dbt=1.12.0
[0m04:59:17.858757 [debug] [MainThread]: running dbt with arguments {'write_json': 'True', 'printer_width': '80', 'empty': 'False', 'quiet': 'False', 'warn_error': 'None', 'no_print': 'None', 'hints_enabled': 'True', 'log_format': 'default', 'log_cache_events': 'False', 'target_path': 'None', 'cache_selected_only': 'False', 'indirect_selection': 'eager', 'use_colors': 'True', 'log_path': '/Users/prabhushankar/Documents/NYC_TLC/dbt/logs', 'maximum_seed_size_mib': '1', 'use_experimental_parser': 'False', 'warn_error_options': 'WarnErrorOptionsV2(error=[], warn=[], silence=[])', 'profiles_dir': '/Users/prabhushankar/.dbt', 'send_anonymous_usage_stats': 'True', 'partial_parse': 'True', 'debug': 'False', 'static_parser': 'True', 'version_check': 'True', 'fail_fast': 'False', 'invocation_command': 'dbt run', 'introspect': 'True'}
[0m04:59:18.126741 [debug] [MainThread]: Snowflake adapter: Setting snowflake.connector to ERROR (file logging only)
[0m04:59:18.127034 [debug] [MainThread]: Snowflake adapter: Setting botocore to ERROR (file logging only)
[0m04:59:18.127202 [debug] [MainThread]: Snowflake adapter: Setting boto3 to ERROR (file logging only)
[0m04:59:18.257797 [debug] [MainThread]: Sending event: {'category': 'dbt', 'action': 'project_id', 'label': '2843c224-2cab-4c2e-830c-da014bdd1619', 'context': [<snowplow_tracker.self_describing_json.SelfDescribingJson object at 0x1102e68b0>]}
[0m04:59:18.290521 [debug] [MainThread]: Sending event: {'category': 'dbt', 'action': 'adapter_info', 'label': '2843c224-2cab-4c2e-830c-da014bdd1619', 'context': [<snowplow_tracker.self_describing_json.SelfDescribingJson object at 0x10add39b0>]}
[0m04:59:18.291291 [info ] [MainThread]: Registered adapter: snowflake=1.12.0
[0m04:59:18.356332 [debug] [MainThread]: checksum: d266517bde050d9204aee05e09a0f60d0aff1ba26c776ccef1af446d5bccf069, vars: {}, profile: nyc_taxi, target: dev, version: 1.12.0
[0m04:59:18.356872 [info ] [MainThread]: Unable to do partial parsing because saved manifest not found. Starting full parse.
[0m04:59:18.357100 [debug] [MainThread]: Sending event: {'category': 'dbt', 'action': 'partial_parser', 'label': '2843c224-2cab-4c2e-830c-da014bdd1619', 'context': [<snowplow_tracker.self_describing_json.SelfDescribingJson object at 0x110343c50>]}
[0m04:59:19.026448 [warn ] [MainThread]: [[33mWARNING[0m]: Configuration paths exist in your dbt_project.yml file which do not apply to any resources.
There are 1 unused configuration paths:
- models.nyc_taxi.marts
[0m04:59:19.028630 [debug] [MainThread]: Sending event: {'category': 'dbt', 'action': 'load_project', 'label': '2843c224-2cab-4c2e-830c-da014bdd1619', 'context': [<snowplow_tracker.self_describing_json.SelfDescribingJson object at 0x11133cb90>]}
[0m04:59:19.079203 [debug] [MainThread]: Wrote artifact WritableManifest to /Users/prabhushankar/Documents/NYC_TLC/dbt/target/manifest.json
[0m04:59:19.083279 [debug] [MainThread]: Wrote artifact SemanticManifest to /Users/prabhushankar/Documents/NYC_TLC/dbt/target/semantic_manifest.json
[0m04:59:19.096564 [debug] [MainThread]: Wrote artifact OsiDocument to /Users/prabhushankar/Documents/NYC_TLC/dbt/target/osi_document.json
[0m04:59:19.102810 [debug] [MainThread]: Sending event: {'category': 'dbt', 'action': 'resource_counts', 'label': '2843c224-2cab-4c2e-830c-da014bdd1619', 'context': [<snowplow_tracker.self_describing_json.SelfDescribingJson object at 0x110e08e50>]}
[0m04:59:19.103058 [info ] [MainThread]: Found 2 models, 2 sources, 545 macros
[0m04:59:19.103242 [debug] [MainThread]: Sending event: {'category': 'dbt', 'action': 'runnable_timing', 'label': '2843c224-2cab-4c2e-830c-da014bdd1619', 'context': [<snowplow_tracker.self_describing_json.SelfDescribingJson object at 0x111128d50>]}
[0m04:59:19.104229 [info ] [MainThread]: 
[0m04:59:19.104430 [info ] [MainThread]: Concurrency: 4 threads (target='dev')
[0m04:59:19.104583 [info ] [MainThread]: 
[0m04:59:19.104845 [debug] [MainThread]: Acquiring new snowflake connection 'master'
[0m04:59:19.107037 [debug] [ThreadPool]: Acquiring new snowflake connection 'list_NYC_TAXI'
[0m04:59:19.114272 [debug] [ThreadPool]: Using snowflake connection "list_NYC_TAXI"
[0m04:59:19.114464 [debug] [ThreadPool]: On list_NYC_TAXI: show terse schemas in database NYC_TAXI
    limit 10000
/* {"app": "dbt", "dbt_version": "1.12.0", "profile_name": "nyc_taxi", "target_name": "dev", "connection_name": "list_NYC_TAXI"} */
[0m04:59:19.114620 [debug] [ThreadPool]: Opening a new connection, currently in state init
[0m04:59:19.834968 [debug] [ThreadPool]: SQL status: SUCCESS 3 in 0.720 seconds
[0m04:59:19.839452 [debug] [ThreadPool]: Re-using an available connection from the pool (formerly list_NYC_TAXI, now create_NYC_TAXI_ANALYTICS_staging)
[0m04:59:19.840377 [debug] [ThreadPool]: Creating schema "database: "NYC_TAXI"
schema: "ANALYTICS_staging"
"
[0m04:59:19.847408 [debug] [ThreadPool]: Using snowflake connection "create_NYC_TAXI_ANALYTICS_staging"
[0m04:59:19.848038 [debug] [ThreadPool]: On create_NYC_TAXI_ANALYTICS_staging: create schema if not exists NYC_TAXI.ANALYTICS_staging
/* {"app": "dbt", "dbt_version": "1.12.0", "profile_name": "nyc_taxi", "target_name": "dev", "connection_name": "create_NYC_TAXI_ANALYTICS_staging"} */
[0m04:59:20.055898 [debug] [ThreadPool]: SQL status: SUCCESS 1 in 0.207 seconds
[0m04:59:20.060145 [debug] [ThreadPool]: Re-using an available connection from the pool (formerly create_NYC_TAXI_ANALYTICS_staging, now list_NYC_TAXI_ANALYTICS_staging)
[0m04:59:20.079312 [debug] [ThreadPool]: Using snowflake connection "list_NYC_TAXI_ANALYTICS_staging"
[0m04:59:20.079777 [debug] [ThreadPool]: On list_NYC_TAXI_ANALYTICS_staging: show objects in NYC_TAXI.ANALYTICS_staging
    limit 10000
    

/* {"app": "dbt", "dbt_version": "1.12.0", "profile_name": "nyc_taxi", "target_name": "dev", "connection_name": "list_NYC_TAXI_ANALYTICS_staging"} */;
[0m04:59:20.200485 [debug] [ThreadPool]: SQL status: SUCCESS 0 in 0.120 seconds
[0m04:59:20.210598 [debug] [ThreadPool]: Using snowflake connection "list_NYC_TAXI_ANALYTICS_staging"
[0m04:59:20.211143 [debug] [ThreadPool]: On list_NYC_TAXI_ANALYTICS_staging: show user functions in NYC_TAXI.ANALYTICS_staging
/* {"app": "dbt", "dbt_version": "1.12.0", "profile_name": "nyc_taxi", "target_name": "dev", "connection_name": "list_NYC_TAXI_ANALYTICS_staging"} */
[0m04:59:20.349595 [debug] [ThreadPool]: SQL status: SUCCESS 0 in 0.138 seconds
[0m04:59:20.353197 [debug] [MainThread]: Sending event: {'category': 'dbt', 'action': 'runnable_timing', 'label': '2843c224-2cab-4c2e-830c-da014bdd1619', 'context': [<snowplow_tracker.self_describing_json.SelfDescribingJson object at 0x1110bcf50>]}
[0m04:59:20.363723 [debug] [Thread-3 (]: Began running node model.nyc_taxi.stg_yellow_trips
[0m04:59:20.364406 [debug] [Thread-2 (]: Began running node model.nyc_taxi.stg_taxi_zone
[0m04:59:20.365904 [info ] [Thread-2 (]: 1 of 2 START sql view model ANALYTICS_staging.stg_taxi_zone .................... [RUN]
[0m04:59:20.366444 [debug] [Thread-2 (]: Re-using an available connection from the pool (formerly list_NYC_TAXI_ANALYTICS_staging, now model.nyc_taxi.stg_taxi_zone)
[0m04:59:20.365219 [info ] [Thread-3 (]: 2 of 2 START sql view model ANALYTICS_staging.stg_yellow_trips ................. [RUN]
[0m04:59:20.367404 [debug] [Thread-3 (]: Acquiring new snowflake connection 'model.nyc_taxi.stg_yellow_trips'
[0m04:59:20.367806 [debug] [Thread-3 (]: Began compiling node model.nyc_taxi.stg_yellow_trips
[0m04:59:20.366881 [debug] [Thread-2 (]: Began compiling node model.nyc_taxi.stg_taxi_zone
[0m04:59:20.377604 [debug] [Thread-2 (]: Writing injected SQL for node "model.nyc_taxi.stg_taxi_zone"
[0m04:59:20.375810 [debug] [Thread-3 (]: Writing injected SQL for node "model.nyc_taxi.stg_yellow_trips"
[0m04:59:20.378706 [debug] [Thread-2 (]: Began executing node model.nyc_taxi.stg_taxi_zone
[0m04:59:20.379087 [debug] [Thread-3 (]: Began executing node model.nyc_taxi.stg_yellow_trips
[0m04:59:20.415000 [debug] [Thread-2 (]: Writing runtime sql for node "model.nyc_taxi.stg_taxi_zone"
[0m04:59:20.417774 [debug] [Thread-3 (]: Writing runtime sql for node "model.nyc_taxi.stg_yellow_trips"
[0m04:59:20.418703 [debug] [Thread-2 (]: Using snowflake connection "model.nyc_taxi.stg_taxi_zone"
[0m04:59:20.419886 [debug] [Thread-2 (]: On model.nyc_taxi.stg_taxi_zone: create or replace   view NYC_TAXI.ANALYTICS_staging.stg_taxi_zone
  
  
  
  
  as (
    select
    locationid    as zone_id,
    borough,
    zone          as zone_name,
    service_zone
from NYC_TAXI.RAW.raw_taxi_zones
where locationid is not null
  )
/* {"app": "dbt", "dbt_version": "1.12.0", "profile_name": "nyc_taxi", "target_name": "dev", "node_id": "model.nyc_taxi.stg_taxi_zone"} */;
[0m04:59:20.419652 [debug] [Thread-3 (]: Using snowflake connection "model.nyc_taxi.stg_yellow_trips"
[0m04:59:20.420302 [debug] [Thread-3 (]: On model.nyc_taxi.stg_yellow_trips: create or replace   view NYC_TAXI.ANALYTICS_staging.stg_yellow_trips
  
  
  
  
  as (
    with source as (

    select * from NYC_TAXI.RAW.raw_yellow_trips

),

renamed as (

    select
        vendorid                          as vendor_id,
        tpep_pickup_datetime              as pickup_at,
        tpep_dropoff_datetime             as dropoff_at,
        passenger_count::int              as passenger_count,
        trip_distance                     as trip_distance_miles,
        ratecodeid::int                   as rate_code_id,
        store_and_fwd_flag,
        pulocationid                      as pickup_zone_id,
        dolocationid                      as dropoff_zone_id,
        payment_type,
        fare_amount,
        extra,
        mta_tax,
        tip_amount,
        tolls_amount,
        improvement_surcharge,
        congestion_surcharge,
        airport_fee,
        total_amount,
        datediff('second', tpep_pickup_datetime, tpep_dropoff_datetime) as trip_duration_seconds,
        _source_file,
        _loaded_at

    from source

)

select *
from renamed
where pickup_at >= '2024-01-01'
  and pickup_at <  '2025-01-01'
  and dropoff_at > pickup_at
  and trip_distance_miles > 0
  and total_amount > 0
  )
/* {"app": "dbt", "dbt_version": "1.12.0", "profile_name": "nyc_taxi", "target_name": "dev", "node_id": "model.nyc_taxi.stg_yellow_trips"} */;
[0m04:59:20.420564 [debug] [Thread-3 (]: Opening a new connection, currently in state init
[0m04:59:21.319414 [debug] [Thread-3 (]: SQL status: SUCCESS 1 in 0.899 seconds
[0m04:59:21.342343 [debug] [Thread-2 (]: SQL status: SUCCESS 1 in 0.922 seconds
[0m04:59:21.344117 [debug] [Thread-3 (]: Sending event: {'category': 'dbt', 'action': 'run_model', 'label': '2843c224-2cab-4c2e-830c-da014bdd1619', 'context': [<snowplow_tracker.self_describing_json.SelfDescribingJson object at 0x11153f6a0>]}
[0m04:59:21.344394 [debug] [Thread-2 (]: Sending event: {'category': 'dbt', 'action': 'run_model', 'label': '2843c224-2cab-4c2e-830c-da014bdd1619', 'context': [<snowplow_tracker.self_describing_json.SelfDescribingJson object at 0x110e459f0>]}
[0m04:59:21.345347 [info ] [Thread-2 (]: 1 of 2 OK created sql view model ANALYTICS_staging.stg_taxi_zone ............... [[32mSUCCESS 1[0m in 0.98s]
[0m04:59:21.345743 [debug] [Thread-2 (]: Finished running node model.nyc_taxi.stg_taxi_zone
[0m04:59:21.344898 [info ] [Thread-3 (]: 2 of 2 OK created sql view model ANALYTICS_staging.stg_yellow_trips ............ [[32mSUCCESS 1[0m in 0.97s]
[0m04:59:21.346153 [debug] [Thread-3 (]: Finished running node model.nyc_taxi.stg_yellow_trips
[0m04:59:21.346993 [debug] [MainThread]: Connection 'master' was properly closed.
[0m04:59:21.347201 [debug] [MainThread]: Connection 'model.nyc_taxi.stg_taxi_zone' was left open.
[0m04:59:21.347395 [debug] [MainThread]: On model.nyc_taxi.stg_taxi_zone: Close
[0m04:59:21.478130 [debug] [MainThread]: Connection 'model.nyc_taxi.stg_yellow_trips' was left open.
[0m04:59:21.478672 [debug] [MainThread]: On model.nyc_taxi.stg_yellow_trips: Close
[0m04:59:21.627533 [info ] [MainThread]: 
[0m04:59:21.628516 [info ] [MainThread]: Finished running 2 view models in 0 hours 0 minutes and 2.52 seconds (2.52s).
[0m04:59:21.630154 [debug] [MainThread]: Command end result
[0m04:59:21.683103 [debug] [MainThread]: Wrote artifact WritableManifest to /Users/prabhushankar/Documents/NYC_TLC/dbt/target/manifest.json
[0m04:59:21.685075 [debug] [MainThread]: Wrote artifact SemanticManifest to /Users/prabhushankar/Documents/NYC_TLC/dbt/target/semantic_manifest.json
[0m04:59:21.686738 [debug] [MainThread]: Wrote artifact OsiDocument to /Users/prabhushankar/Documents/NYC_TLC/dbt/target/osi_document.json
[0m04:59:21.691049 [debug] [MainThread]: Wrote artifact RunExecutionResult to /Users/prabhushankar/Documents/NYC_TLC/dbt/target/run_results.json
[0m04:59:21.691268 [info ] [MainThread]: 
[0m04:59:21.691505 [info ] [MainThread]: [32mCompleted successfully[0m
[0m04:59:21.691687 [info ] [MainThread]: 
[0m04:59:21.691899 [info ] [MainThread]: Done. PASS=2 WARN=0 ERROR=0 SKIP=0 NO-OP=0 REUSED=0 TOTAL=2
[0m04:59:21.694676 [debug] [MainThread]: Resource report: {"command_name": "run", "command_success": true, "command_wall_clock_time": 3.899934, "process_in_blocks": "0", "process_kernel_time": 0.321608, "process_mem_max_rss": "210255872", "process_out_blocks": "0", "process_user_time": 2.224958}
[0m04:59:21.694998 [debug] [MainThread]: Command `dbt run` succeeded at 04:59:21.694947 after 3.90 seconds
[0m04:59:21.695242 [debug] [MainThread]: Sending event: {'category': 'dbt', 'action': 'invocation', 'label': 'end', 'context': [<snowplow_tracker.self_describing_json.SelfDescribingJson object at 0x11103c2d0>, <snowplow_tracker.self_describing_json.SelfDescribingJson object at 0x10cecaa50>, <snowplow_tracker.self_describing_json.SelfDescribingJson object at 0x10e2db5b0>]}
[0m04:59:21.695460 [debug] [MainThread]: Flushing usage events
[0m04:59:21.944618 [debug] [MainThread]: An error was encountered while trying to flush usage events
[0m05:03:41.008902 [debug] [MainThread]: Sending event: {'category': 'dbt', 'action': 'invocation', 'label': 'start', 'context': [<snowplow_tracker.self_describing_json.SelfDescribingJson object at 0x10b5cc6e0>, <snowplow_tracker.self_describing_json.SelfDescribingJson object at 0x10cb36710>, <snowplow_tracker.self_describing_json.SelfDescribingJson object at 0x10cb36990>]}


============================== 05:03:41.012153 | 4cec8f90-150c-4c4e-b586-e61135b96b04 ==============================
[0m05:03:41.012153 [info ] [MainThread]: Running with dbt=1.12.0
[0m05:03:41.012498 [debug] [MainThread]: running dbt with arguments {'no_print': 'None', 'use_experimental_parser': 'False', 'quiet': 'False', 'partial_parse': 'True', 'log_path': '/Users/prabhushankar/Documents/NYC_TLC/dbt/logs', 'warn_error_options': 'WarnErrorOptionsV2(error=[], warn=[], silence=[])', 'log_cache_events': 'False', 'profiles_dir': '/Users/prabhushankar/.dbt', 'warn_error': 'None', 'send_anonymous_usage_stats': 'True', 'hints_enabled': 'True', 'indirect_selection': 'eager', 'target_path': 'None', 'maximum_seed_size_mib': '1', 'invocation_command': 'dbt run', 'static_parser': 'True', 'cache_selected_only': 'False', 'use_colors': 'True', 'version_check': 'True', 'printer_width': '80', 'write_json': 'True', 'debug': 'False', 'introspect': 'True', 'empty': 'False', 'fail_fast': 'False', 'log_format': 'default'}
[0m05:03:41.270745 [debug] [MainThread]: Snowflake adapter: Setting snowflake.connector to ERROR (file logging only)
[0m05:03:41.271020 [debug] [MainThread]: Snowflake adapter: Setting botocore to ERROR (file logging only)
[0m05:03:41.271185 [debug] [MainThread]: Snowflake adapter: Setting boto3 to ERROR (file logging only)
[0m05:03:41.392559 [debug] [MainThread]: Sending event: {'category': 'dbt', 'action': 'project_id', 'label': '4cec8f90-150c-4c4e-b586-e61135b96b04', 'context': [<snowplow_tracker.self_describing_json.SelfDescribingJson object at 0x10eba68b0>]}
[0m05:03:41.423808 [debug] [MainThread]: Sending event: {'category': 'dbt', 'action': 'adapter_info', 'label': '4cec8f90-150c-4c4e-b586-e61135b96b04', 'context': [<snowplow_tracker.self_describing_json.SelfDescribingJson object at 0x10966b9b0>]}
[0m05:03:41.424425 [info ] [MainThread]: Registered adapter: snowflake=1.12.0
[0m05:03:41.487078 [debug] [MainThread]: checksum: d266517bde050d9204aee05e09a0f60d0aff1ba26c776ccef1af446d5bccf069, vars: {}, profile: nyc_taxi, target: dev, version: 1.12.0
[0m05:03:41.567031 [debug] [MainThread]: Partial parsing enabled: 0 files deleted, 3 files added, 0 files changed.
[0m05:03:41.567320 [debug] [MainThread]: Partial parsing: added file: nyc_taxi://models/marts/dim_zones.sql
[0m05:03:41.567495 [debug] [MainThread]: Partial parsing: added file: nyc_taxi://models/marts/fct_trips.sql
[0m05:03:41.567698 [debug] [MainThread]: Partial parsing: added file: nyc_taxi://models/marts/schema.yml
[0m05:03:41.822583 [warn ] [MainThread]: [[33mWARNING[0m][MissingArgumentsPropertyInGenericTestDeprecation]: Deprecated
functionality
Found top-level arguments to test `accepted_values` defined on 'dim_zones' in
package 'nyc_taxi' (models/marts/schema.yml). Arguments to generic tests should
be nested under the `arguments` property.
[0m05:03:41.822980 [debug] [MainThread]: Sending event: {'category': 'dbt', 'action': 'deprecation', 'label': '4cec8f90-150c-4c4e-b586-e61135b96b04', 'property_': 'warn', 'context': [<snowplow_tracker.self_describing_json.SelfDescribingJson object at 0x10f604e50>]}
[0m05:03:41.845212 [error] [MainThread]: [[31mERROR[0m]: Encountered an error:
Compilation Error
  Model 'model.nyc_taxi.dim_zones' (models/marts/dim_zones.sql) depends on a node named 'stg_taxi_zones' which was not found
[0m05:03:41.845640 [warn ] [MainThread]: [[33mWARNING[0m][DeprecationsSummary]: Deprecated functionality
Summary of encountered deprecations:
- MissingArgumentsPropertyInGenericTestDeprecation: 2 occurrences
To see all deprecation instances instead of just the first occurrence of each,
run command again with the `--show-all-deprecations` flag. You may also need to
run with `--no-partial-parse` as some deprecations are only encountered during
parsing.
[0m05:03:41.848135 [debug] [MainThread]: Resource report: {"command_name": "run", "command_success": false, "command_wall_clock_time": 0.8982149, "process_in_blocks": "0", "process_kernel_time": 0.25979, "process_mem_max_rss": "186023936", "process_out_blocks": "0", "process_user_time": 1.321744}
[0m05:03:41.848539 [debug] [MainThread]: Command `dbt run` failed at 05:03:41.848478 after 0.90 seconds
[0m05:03:41.848792 [debug] [MainThread]: Sending event: {'category': 'dbt', 'action': 'invocation', 'label': 'end', 'context': [<snowplow_tracker.self_describing_json.SelfDescribingJson object at 0x10fa37f20>, <snowplow_tracker.self_describing_json.SelfDescribingJson object at 0x10f7f1400>, <snowplow_tracker.self_describing_json.SelfDescribingJson object at 0x10ca94750>]}
[0m05:03:41.849003 [debug] [MainThread]: Flushing usage events
[0m05:03:42.084444 [debug] [MainThread]: An error was encountered while trying to flush usage events
[0m05:06:15.710345 [debug] [MainThread]: Sending event: {'category': 'dbt', 'action': 'invocation', 'label': 'start', 'context': [<snowplow_tracker.self_describing_json.SelfDescribingJson object at 0x10ca746e0>, <snowplow_tracker.self_describing_json.SelfDescribingJson object at 0x10dfde710>, <snowplow_tracker.self_describing_json.SelfDescribingJson object at 0x10dfde990>]}


============================== 05:06:15.713630 | 26b70936-cafa-43fa-9d38-4e89d16632ed ==============================
[0m05:06:15.713630 [info ] [MainThread]: Running with dbt=1.12.0
[0m05:06:15.713987 [debug] [MainThread]: running dbt with arguments {'log_cache_events': 'False', 'cache_selected_only': 'False', 'printer_width': '80', 'maximum_seed_size_mib': '1', 'invocation_command': 'dbt run', 'warn_error': 'None', 'no_print': 'None', 'warn_error_options': 'WarnErrorOptionsV2(error=[], warn=[], silence=[])', 'fail_fast': 'False', 'static_parser': 'True', 'hints_enabled': 'True', 'version_check': 'True', 'use_colors': 'True', 'log_format': 'default', 'introspect': 'True', 'indirect_selection': 'eager', 'send_anonymous_usage_stats': 'True', 'partial_parse': 'True', 'write_json': 'True', 'empty': 'False', 'quiet': 'False', 'profiles_dir': '/Users/prabhushankar/.dbt', 'log_path': '/Users/prabhushankar/Documents/NYC_TLC/dbt/logs', 'target_path': 'None', 'use_experimental_parser': 'False', 'debug': 'False'}
[0m05:06:15.982439 [debug] [MainThread]: Snowflake adapter: Setting snowflake.connector to ERROR (file logging only)
[0m05:06:15.982720 [debug] [MainThread]: Snowflake adapter: Setting botocore to ERROR (file logging only)
[0m05:06:15.982889 [debug] [MainThread]: Snowflake adapter: Setting boto3 to ERROR (file logging only)
[0m05:06:16.099991 [debug] [MainThread]: Sending event: {'category': 'dbt', 'action': 'project_id', 'label': '26b70936-cafa-43fa-9d38-4e89d16632ed', 'context': [<snowplow_tracker.self_describing_json.SelfDescribingJson object at 0x11004a8b0>]}
[0m05:06:16.129947 [debug] [MainThread]: Sending event: {'category': 'dbt', 'action': 'adapter_info', 'label': '26b70936-cafa-43fa-9d38-4e89d16632ed', 'context': [<snowplow_tracker.self_describing_json.SelfDescribingJson object at 0x10aae79b0>]}
[0m05:06:16.130573 [info ] [MainThread]: Registered adapter: snowflake=1.12.0
[0m05:06:16.191742 [debug] [MainThread]: checksum: d266517bde050d9204aee05e09a0f60d0aff1ba26c776ccef1af446d5bccf069, vars: {}, profile: nyc_taxi, target: dev, version: 1.12.0
[0m05:06:16.271906 [debug] [MainThread]: Partial parsing enabled: 0 files deleted, 3 files added, 0 files changed.
[0m05:06:16.272191 [debug] [MainThread]: Partial parsing: added file: nyc_taxi://models/marts/dim_zones.sql
[0m05:06:16.272366 [debug] [MainThread]: Partial parsing: added file: nyc_taxi://models/marts/fct_trips.sql
[0m05:06:16.272570 [debug] [MainThread]: Partial parsing: added file: nyc_taxi://models/marts/schema.yml
[0m05:06:16.523951 [warn ] [MainThread]: [[33mWARNING[0m][MissingArgumentsPropertyInGenericTestDeprecation]: Deprecated
functionality
Found top-level arguments to test `accepted_values` defined on 'dim_zones' in
package 'nyc_taxi' (models/marts/schema.yml). Arguments to generic tests should
be nested under the `arguments` property.
[0m05:06:16.524286 [debug] [MainThread]: Sending event: {'category': 'dbt', 'action': 'deprecation', 'label': '26b70936-cafa-43fa-9d38-4e89d16632ed', 'property_': 'warn', 'context': [<snowplow_tracker.self_describing_json.SelfDescribingJson object at 0x110ab8e50>]}
[0m05:06:16.543458 [error] [MainThread]: [[31mERROR[0m]: Encountered an error:
Compilation Error
  Model 'model.nyc_taxi.dim_zones' (models/marts/dim_zones.sql) depends on a node named 'stg_taxi_zones' which was not found
[0m05:06:16.543835 [warn ] [MainThread]: [[33mWARNING[0m][DeprecationsSummary]: Deprecated functionality
Summary of encountered deprecations:
- MissingArgumentsPropertyInGenericTestDeprecation: 2 occurrences
To see all deprecation instances instead of just the first occurrence of each,
run command again with the `--show-all-deprecations` flag. You may also need to
run with `--no-partial-parse` as some deprecations are only encountered during
parsing.
[0m05:06:16.546402 [debug] [MainThread]: Resource report: {"command_name": "run", "command_success": false, "command_wall_clock_time": 0.885948, "process_in_blocks": "0", "process_kernel_time": 0.265779, "process_mem_max_rss": "188383232", "process_out_blocks": "0", "process_user_time": 1.304459}
[0m05:06:16.546737 [debug] [MainThread]: Command `dbt run` failed at 05:06:16.546691 after 0.89 seconds
[0m05:06:16.546946 [debug] [MainThread]: Sending event: {'category': 'dbt', 'action': 'invocation', 'label': 'end', 'context': [<snowplow_tracker.self_describing_json.SelfDescribingJson object at 0x110edff20>, <snowplow_tracker.self_describing_json.SelfDescribingJson object at 0x110c99400>, <snowplow_tracker.self_describing_json.SelfDescribingJson object at 0x10df3c750>]}
[0m05:06:16.547114 [debug] [MainThread]: Flushing usage events
[0m05:06:16.751198 [debug] [MainThread]: An error was encountered while trying to flush usage events
[0m05:07:50.072624 [debug] [MainThread]: Sending event: {'category': 'dbt', 'action': 'invocation', 'label': 'start', 'context': [<snowplow_tracker.self_describing_json.SelfDescribingJson object at 0x10d4906e0>, <snowplow_tracker.self_describing_json.SelfDescribingJson object at 0x10e9fe710>, <snowplow_tracker.self_describing_json.SelfDescribingJson object at 0x10e9fe990>]}


============================== 05:07:50.075695 | fa8860d7-24f2-47f4-94a7-8416a207d8b6 ==============================
[0m05:07:50.075695 [info ] [MainThread]: Running with dbt=1.12.0
[0m05:07:50.076091 [debug] [MainThread]: running dbt with arguments {'use_experimental_parser': 'False', 'empty': 'False', 'write_json': 'True', 'invocation_command': 'dbt run', 'maximum_seed_size_mib': '1', 'warn_error': 'None', 'log_path': '/Users/prabhushankar/Documents/NYC_TLC/dbt/logs', 'indirect_selection': 'eager', 'debug': 'False', 'log_format': 'default', 'fail_fast': 'False', 'quiet': 'False', 'cache_selected_only': 'False', 'no_print': 'None', 'log_cache_events': 'False', 'warn_error_options': 'WarnErrorOptionsV2(error=[], warn=[], silence=[])', 'version_check': 'True', 'static_parser': 'True', 'introspect': 'True', 'target_path': 'None', 'profiles_dir': '/Users/prabhushankar/.dbt', 'partial_parse': 'True', 'hints_enabled': 'True', 'send_anonymous_usage_stats': 'True', 'use_colors': 'True', 'printer_width': '80'}
[0m05:07:50.335577 [debug] [MainThread]: Snowflake adapter: Setting snowflake.connector to ERROR (file logging only)
[0m05:07:50.335856 [debug] [MainThread]: Snowflake adapter: Setting botocore to ERROR (file logging only)
[0m05:07:50.336026 [debug] [MainThread]: Snowflake adapter: Setting boto3 to ERROR (file logging only)
[0m05:07:50.454231 [debug] [MainThread]: Sending event: {'category': 'dbt', 'action': 'project_id', 'label': 'fa8860d7-24f2-47f4-94a7-8416a207d8b6', 'context': [<snowplow_tracker.self_describing_json.SelfDescribingJson object at 0x110a3e8b0>]}
[0m05:07:50.484494 [debug] [MainThread]: Sending event: {'category': 'dbt', 'action': 'adapter_info', 'label': 'fa8860d7-24f2-47f4-94a7-8416a207d8b6', 'context': [<snowplow_tracker.self_describing_json.SelfDescribingJson object at 0x10b52b9b0>]}
[0m05:07:50.485097 [info ] [MainThread]: Registered adapter: snowflake=1.12.0
[0m05:07:50.549596 [debug] [MainThread]: checksum: d266517bde050d9204aee05e09a0f60d0aff1ba26c776ccef1af446d5bccf069, vars: {}, profile: nyc_taxi, target: dev, version: 1.12.0
[0m05:07:50.629737 [debug] [MainThread]: Partial parsing enabled: 1 files deleted, 4 files added, 0 files changed.
[0m05:07:50.630060 [debug] [MainThread]: Partial parsing: added file: nyc_taxi://models/marts/fct_trips.sql
[0m05:07:50.630288 [debug] [MainThread]: Partial parsing: added file: nyc_taxi://models/marts/schema.yml
[0m05:07:50.630445 [debug] [MainThread]: Partial parsing: added file: nyc_taxi://models/staging/stg_taxi_zones.sql
[0m05:07:50.630594 [debug] [MainThread]: Partial parsing: added file: nyc_taxi://models/marts/dim_zones.sql
[0m05:07:50.630730 [debug] [MainThread]: Partial parsing: deleted file: nyc_taxi://models/staging/stg_taxi_zone.sql
[0m05:07:50.884613 [warn ] [MainThread]: [[33mWARNING[0m][MissingArgumentsPropertyInGenericTestDeprecation]: Deprecated
functionality
Found top-level arguments to test `accepted_values` defined on 'dim_zones' in
package 'nyc_taxi' (models/marts/schema.yml). Arguments to generic tests should
be nested under the `arguments` property.
[0m05:07:50.884947 [debug] [MainThread]: Sending event: {'category': 'dbt', 'action': 'deprecation', 'label': 'fa8860d7-24f2-47f4-94a7-8416a207d8b6', 'property_': 'warn', 'context': [<snowplow_tracker.self_describing_json.SelfDescribingJson object at 0x11123d150>]}
[0m05:07:50.937778 [debug] [MainThread]: Sending event: {'category': 'dbt', 'action': 'load_project', 'label': 'fa8860d7-24f2-47f4-94a7-8416a207d8b6', 'context': [<snowplow_tracker.self_describing_json.SelfDescribingJson object at 0x1118daa80>]}
[0m05:07:51.002564 [debug] [MainThread]: Wrote artifact WritableManifest to /Users/prabhushankar/Documents/NYC_TLC/dbt/target/manifest.json
[0m05:07:51.005585 [debug] [MainThread]: Wrote artifact SemanticManifest to /Users/prabhushankar/Documents/NYC_TLC/dbt/target/semantic_manifest.json
[0m05:07:51.019793 [debug] [MainThread]: Wrote artifact OsiDocument to /Users/prabhushankar/Documents/NYC_TLC/dbt/target/osi_document.json
[0m05:07:51.026810 [debug] [MainThread]: Sending event: {'category': 'dbt', 'action': 'resource_counts', 'label': 'fa8860d7-24f2-47f4-94a7-8416a207d8b6', 'context': [<snowplow_tracker.self_describing_json.SelfDescribingJson object at 0x111abc3d0>]}
[0m05:07:51.027072 [info ] [MainThread]: Found 4 models, 7 data tests, 2 sources, 545 macros
[0m05:07:51.027262 [debug] [MainThread]: Sending event: {'category': 'dbt', 'action': 'runnable_timing', 'label': 'fa8860d7-24f2-47f4-94a7-8416a207d8b6', 'context': [<snowplow_tracker.self_describing_json.SelfDescribingJson object at 0x111a2d300>]}
[0m05:07:51.028463 [info ] [MainThread]: 
[0m05:07:51.028695 [info ] [MainThread]: Concurrency: 4 threads (target='dev')
[0m05:07:51.028861 [info ] [MainThread]: 
[0m05:07:51.029142 [debug] [MainThread]: Acquiring new snowflake connection 'master'
[0m05:07:51.031563 [debug] [ThreadPool]: Acquiring new snowflake connection 'list_NYC_TAXI'
[0m05:07:51.038539 [debug] [ThreadPool]: Acquiring new snowflake connection 'list_NYC_TAXI'
[0m05:07:51.040459 [debug] [ThreadPool]: Using snowflake connection "list_NYC_TAXI"
[0m05:07:51.040882 [debug] [ThreadPool]: On list_NYC_TAXI: show terse schemas in database NYC_TAXI
    limit 10000
/* {"app": "dbt", "dbt_version": "1.12.0", "profile_name": "nyc_taxi", "target_name": "dev", "connection_name": "list_NYC_TAXI"} */
[0m05:07:51.041047 [debug] [ThreadPool]: Opening a new connection, currently in state init
[0m05:07:51.040712 [debug] [ThreadPool]: Using snowflake connection "list_NYC_TAXI"
[0m05:07:51.041240 [debug] [ThreadPool]: On list_NYC_TAXI: show terse schemas in database NYC_TAXI
    limit 10000
/* {"app": "dbt", "dbt_version": "1.12.0", "profile_name": "nyc_taxi", "target_name": "dev", "connection_name": "list_NYC_TAXI"} */
[0m05:07:51.041400 [debug] [ThreadPool]: Opening a new connection, currently in state init
[0m05:07:51.976971 [debug] [ThreadPool]: SQL status: SUCCESS 4 in 0.936 seconds
[0m05:07:52.042394 [debug] [ThreadPool]: SQL status: SUCCESS 4 in 1.001 seconds
[0m05:07:52.044705 [debug] [ThreadPool]: Re-using an available connection from the pool (formerly list_NYC_TAXI, now create_NYC_TAXI_ANALYTICS_marts)
[0m05:07:52.045354 [debug] [ThreadPool]: Creating schema "database: "NYC_TAXI"
schema: "ANALYTICS_marts"
"
[0m05:07:52.050401 [debug] [ThreadPool]: Using snowflake connection "create_NYC_TAXI_ANALYTICS_marts"
[0m05:07:52.051036 [debug] [ThreadPool]: On create_NYC_TAXI_ANALYTICS_marts: create schema if not exists NYC_TAXI.ANALYTICS_marts
/* {"app": "dbt", "dbt_version": "1.12.0", "profile_name": "nyc_taxi", "target_name": "dev", "connection_name": "create_NYC_TAXI_ANALYTICS_marts"} */
[0m05:07:52.222769 [debug] [ThreadPool]: SQL status: SUCCESS 1 in 0.171 seconds
[0m05:07:52.224398 [debug] [ThreadPool]: Re-using an available connection from the pool (formerly create_NYC_TAXI_ANALYTICS_marts, now list_NYC_TAXI_ANALYTICS_staging)
[0m05:07:52.231905 [debug] [ThreadPool]: Re-using an available connection from the pool (formerly list_NYC_TAXI, now list_NYC_TAXI_ANALYTICS_marts)
[0m05:07:52.234915 [debug] [ThreadPool]: Using snowflake connection "list_NYC_TAXI_ANALYTICS_marts"
[0m05:07:52.235144 [debug] [ThreadPool]: On list_NYC_TAXI_ANALYTICS_marts: show objects in NYC_TAXI.ANALYTICS_marts
    limit 10000
    

/* {"app": "dbt", "dbt_version": "1.12.0", "profile_name": "nyc_taxi", "target_name": "dev", "connection_name": "list_NYC_TAXI_ANALYTICS_marts"} */;
[0m05:07:52.233981 [debug] [ThreadPool]: Using snowflake connection "list_NYC_TAXI_ANALYTICS_staging"
[0m05:07:52.235511 [debug] [ThreadPool]: On list_NYC_TAXI_ANALYTICS_staging: show objects in NYC_TAXI.ANALYTICS_staging
    limit 10000
    

/* {"app": "dbt", "dbt_version": "1.12.0", "profile_name": "nyc_taxi", "target_name": "dev", "connection_name": "list_NYC_TAXI_ANALYTICS_staging"} */;
[0m05:07:52.372221 [debug] [ThreadPool]: SQL status: SUCCESS 0 in 0.137 seconds
[0m05:07:52.376799 [debug] [ThreadPool]: Using snowflake connection "list_NYC_TAXI_ANALYTICS_marts"
[0m05:07:52.377075 [debug] [ThreadPool]: On list_NYC_TAXI_ANALYTICS_marts: show user functions in NYC_TAXI.ANALYTICS_marts
/* {"app": "dbt", "dbt_version": "1.12.0", "profile_name": "nyc_taxi", "target_name": "dev", "connection_name": "list_NYC_TAXI_ANALYTICS_marts"} */
[0m05:07:52.531415 [debug] [ThreadPool]: SQL status: SUCCESS 0 in 0.154 seconds
[0m05:07:53.018266 [debug] [ThreadPool]: SQL status: SUCCESS 2 in 0.782 seconds
[0m05:07:53.024183 [debug] [ThreadPool]: Using snowflake connection "list_NYC_TAXI_ANALYTICS_staging"
[0m05:07:53.025040 [debug] [ThreadPool]: On list_NYC_TAXI_ANALYTICS_staging: show user functions in NYC_TAXI.ANALYTICS_staging
/* {"app": "dbt", "dbt_version": "1.12.0", "profile_name": "nyc_taxi", "target_name": "dev", "connection_name": "list_NYC_TAXI_ANALYTICS_staging"} */
[0m05:07:53.137147 [debug] [ThreadPool]: SQL status: SUCCESS 0 in 0.111 seconds
[0m05:07:53.141618 [debug] [MainThread]: Sending event: {'category': 'dbt', 'action': 'runnable_timing', 'label': 'fa8860d7-24f2-47f4-94a7-8416a207d8b6', 'context': [<snowplow_tracker.self_describing_json.SelfDescribingJson object at 0x111a8fdd0>]}
[0m05:07:53.146851 [debug] [Thread-3 (]: Began running node model.nyc_taxi.stg_yellow_trips
[0m05:07:53.147383 [debug] [Thread-2 (]: Began running node model.nyc_taxi.stg_taxi_zones
[0m05:07:53.148110 [info ] [Thread-3 (]: 2 of 4 START sql view model ANALYTICS_staging.stg_yellow_trips ................. [RUN]
[0m05:07:53.149302 [debug] [Thread-3 (]: Re-using an available connection from the pool (formerly list_NYC_TAXI_ANALYTICS_marts, now model.nyc_taxi.stg_yellow_trips)
[0m05:07:53.149763 [debug] [Thread-3 (]: Began compiling node model.nyc_taxi.stg_yellow_trips
[0m05:07:53.148719 [info ] [Thread-2 (]: 1 of 4 START sql view model ANALYTICS_staging.stg_taxi_zones ................... [RUN]
[0m05:07:53.158237 [debug] [Thread-2 (]: Re-using an available connection from the pool (formerly list_NYC_TAXI_ANALYTICS_staging, now model.nyc_taxi.stg_taxi_zones)
[0m05:07:53.158606 [debug] [Thread-2 (]: Began compiling node model.nyc_taxi.stg_taxi_zones
[0m05:07:53.160337 [debug] [Thread-2 (]: Writing injected SQL for node "model.nyc_taxi.stg_taxi_zones"
[0m05:07:53.157772 [debug] [Thread-3 (]: Writing injected SQL for node "model.nyc_taxi.stg_yellow_trips"
[0m05:07:53.161002 [debug] [Thread-2 (]: Began executing node model.nyc_taxi.stg_taxi_zones
[0m05:07:53.167442 [debug] [Thread-3 (]: Began executing node model.nyc_taxi.stg_yellow_trips
[0m05:07:53.195506 [debug] [Thread-2 (]: Writing runtime sql for node "model.nyc_taxi.stg_taxi_zones"
[0m05:07:53.192517 [debug] [Thread-3 (]: Writing runtime sql for node "model.nyc_taxi.stg_yellow_trips"
[0m05:07:53.196369 [debug] [Thread-2 (]: Using snowflake connection "model.nyc_taxi.stg_taxi_zones"
[0m05:07:53.197486 [debug] [Thread-2 (]: On model.nyc_taxi.stg_taxi_zones: create or replace   view NYC_TAXI.ANALYTICS_staging.stg_taxi_zones
  
  
  
  
  as (
    select
    locationid    as zone_id,
    borough,
    zone          as zone_name,
    service_zone
from NYC_TAXI.RAW.raw_taxi_zones
where locationid is not null
  )
/* {"app": "dbt", "dbt_version": "1.12.0", "profile_name": "nyc_taxi", "target_name": "dev", "node_id": "model.nyc_taxi.stg_taxi_zones"} */;
[0m05:07:53.197262 [debug] [Thread-3 (]: Using snowflake connection "model.nyc_taxi.stg_yellow_trips"
[0m05:07:53.197899 [debug] [Thread-3 (]: On model.nyc_taxi.stg_yellow_trips: create or replace   view NYC_TAXI.ANALYTICS_staging.stg_yellow_trips
  
  
  
  
  as (
    with source as (

    select * from NYC_TAXI.RAW.raw_yellow_trips

),

renamed as (

    select
        vendorid                          as vendor_id,
        tpep_pickup_datetime              as pickup_at,
        tpep_dropoff_datetime             as dropoff_at,
        passenger_count::int              as passenger_count,
        trip_distance                     as trip_distance_miles,
        ratecodeid::int                   as rate_code_id,
        store_and_fwd_flag,
        pulocationid                      as pickup_zone_id,
        dolocationid                      as dropoff_zone_id,
        payment_type,
        fare_amount,
        extra,
        mta_tax,
        tip_amount,
        tolls_amount,
        improvement_surcharge,
        congestion_surcharge,
        airport_fee,
        total_amount,
        datediff('second', tpep_pickup_datetime, tpep_dropoff_datetime) as trip_duration_seconds,
        _source_file,
        _loaded_at

    from source

)

select *
from renamed
where pickup_at >= '2024-01-01'
  and pickup_at <  '2025-01-01'
  and dropoff_at > pickup_at
  and trip_distance_miles > 0
  and total_amount > 0
  )
/* {"app": "dbt", "dbt_version": "1.12.0", "profile_name": "nyc_taxi", "target_name": "dev", "node_id": "model.nyc_taxi.stg_yellow_trips"} */;
[0m05:07:53.548736 [debug] [Thread-3 (]: SQL status: SUCCESS 1 in 0.350 seconds
[0m05:07:53.584570 [debug] [Thread-2 (]: SQL status: SUCCESS 1 in 0.387 seconds
[0m05:07:53.587754 [debug] [Thread-3 (]: Sending event: {'category': 'dbt', 'action': 'run_model', 'label': 'fa8860d7-24f2-47f4-94a7-8416a207d8b6', 'context': [<snowplow_tracker.self_describing_json.SelfDescribingJson object at 0x111e8dbd0>]}
[0m05:07:53.588057 [debug] [Thread-2 (]: Sending event: {'category': 'dbt', 'action': 'run_model', 'label': 'fa8860d7-24f2-47f4-94a7-8416a207d8b6', 'context': [<snowplow_tracker.self_describing_json.SelfDescribingJson object at 0x111c87c50>]}
[0m05:07:53.588622 [info ] [Thread-3 (]: 2 of 4 OK created sql view model ANALYTICS_staging.stg_yellow_trips ............ [[32mSUCCESS 1[0m in 0.43s]
[0m05:07:53.589654 [debug] [Thread-3 (]: Finished running node model.nyc_taxi.stg_yellow_trips
[0m05:07:53.589131 [info ] [Thread-2 (]: 1 of 4 OK created sql view model ANALYTICS_staging.stg_taxi_zones .............. [[32mSUCCESS 1[0m in 0.43s]
[0m05:07:53.590177 [debug] [Thread-2 (]: Finished running node model.nyc_taxi.stg_taxi_zones
[0m05:07:53.590760 [debug] [Thread-4 (]: Began running node model.nyc_taxi.dim_zones
[0m05:07:53.591132 [info ] [Thread-4 (]: 3 of 4 START sql table model ANALYTICS_marts.dim_zones ......................... [RUN]
[0m05:07:53.591539 [debug] [Thread-4 (]: Acquiring new snowflake connection 'model.nyc_taxi.dim_zones'
[0m05:07:53.591803 [debug] [Thread-4 (]: Began compiling node model.nyc_taxi.dim_zones
[0m05:07:53.593221 [debug] [Thread-4 (]: Writing injected SQL for node "model.nyc_taxi.dim_zones"
[0m05:07:53.593807 [debug] [Thread-4 (]: Began executing node model.nyc_taxi.dim_zones
[0m05:07:53.635554 [debug] [Thread-4 (]: Writing runtime sql for node "model.nyc_taxi.dim_zones"
[0m05:07:53.636400 [debug] [Thread-4 (]: Using snowflake connection "model.nyc_taxi.dim_zones"
[0m05:07:53.636613 [debug] [Thread-4 (]: On model.nyc_taxi.dim_zones: create or replace transient table NYC_TAXI.ANALYTICS_marts.dim_zones
    
    
    
    
    

    as (select
    zone_id,
    borough,
    zone_name,
    service_zone,
    case when borough = 'Manhattan' then true else false end as is_manhattan
from NYC_TAXI.ANALYTICS_staging.stg_taxi_zones
    )

/* {"app": "dbt", "dbt_version": "1.12.0", "profile_name": "nyc_taxi", "target_name": "dev", "node_id": "model.nyc_taxi.dim_zones"} */;
[0m05:07:53.636797 [debug] [Thread-4 (]: Opening a new connection, currently in state init
[0m05:07:55.727626 [debug] [Thread-4 (]: SQL status: SUCCESS 265 in 2.090 seconds
[0m05:07:55.732815 [debug] [Thread-4 (]: Sending event: {'category': 'dbt', 'action': 'run_model', 'label': 'fa8860d7-24f2-47f4-94a7-8416a207d8b6', 'context': [<snowplow_tracker.self_describing_json.SelfDescribingJson object at 0x111e8bad0>]}
[0m05:07:55.733874 [info ] [Thread-4 (]: 3 of 4 OK created sql table model ANALYTICS_marts.dim_zones .................... [[32mSUCCESS 265[0m in 2.14s]
[0m05:07:55.734737 [debug] [Thread-4 (]: Finished running node model.nyc_taxi.dim_zones
[0m05:07:55.735928 [debug] [Thread-5 (]: Began running node model.nyc_taxi.fct_trips
[0m05:07:55.736543 [info ] [Thread-5 (]: 4 of 4 START sql table model ANALYTICS_marts.fct_trips ......................... [RUN]
[0m05:07:55.737206 [debug] [Thread-5 (]: Acquiring new snowflake connection 'model.nyc_taxi.fct_trips'
[0m05:07:55.737618 [debug] [Thread-5 (]: Began compiling node model.nyc_taxi.fct_trips
[0m05:07:55.741141 [debug] [Thread-5 (]: Writing injected SQL for node "model.nyc_taxi.fct_trips"
[0m05:07:55.742120 [debug] [Thread-5 (]: Began executing node model.nyc_taxi.fct_trips
[0m05:07:55.744513 [debug] [Thread-5 (]: Writing runtime sql for node "model.nyc_taxi.fct_trips"
[0m05:07:55.747288 [debug] [Thread-5 (]: Using snowflake connection "model.nyc_taxi.fct_trips"
[0m05:07:55.747772 [debug] [Thread-5 (]: On model.nyc_taxi.fct_trips: create or replace transient table NYC_TAXI.ANALYTICS_marts.fct_trips
    
    
    
    
    

    as (with trips as (

    select * from NYC_TAXI.ANALYTICS_staging.stg_yellow_trips

),

zones as (

    select * from NYC_TAXI.ANALYTICS_marts.dim_zones

)

select
    -- surrogate key
    md5(
        t.vendor_id || '|' || t.pickup_at || '|' || t.dropoff_at || '|'
        || t.pickup_zone_id || '|' || t.total_amount
    )                                             as trip_key,

    -- grain / time
    t.pickup_at,
    t.dropoff_at,
    t.pickup_at::date                             as pickup_date,
    hour(t.pickup_at)                             as pickup_hour,
    dayname(t.pickup_at)                          as pickup_day_name,
    iff(dayofweek(t.pickup_at) in (0, 6), true, false) as is_weekend,

    -- geography
    t.pickup_zone_id,
    pu.borough                                    as pickup_borough,
    pu.zone_name                                  as pickup_zone,
    t.dropoff_zone_id,
    do.borough                                    as dropoff_borough,
    do.zone_name                                  as dropoff_zone,
    iff(pu.borough = do.borough, true, false)     as is_intra_borough,

    -- trip facts
    t.passenger_count,
    t.trip_distance_miles,
    t.trip_duration_seconds,
    round(t.trip_duration_seconds / 60.0, 2)      as trip_duration_minutes,
    round(
        t.trip_distance_miles / nullif(t.trip_duration_seconds / 3600.0, 0), 2
    )                                             as avg_speed_mph,

    -- money
    t.fare_amount,
    t.tip_amount,
    t.tolls_amount,
    t.congestion_surcharge,
    t.airport_fee,
    t.total_amount,
    round(t.tip_amount / nullif(t.fare_amount, 0) * 100, 2) as tip_pct_of_fare,

    -- descriptors
    case t.payment_type
        when 1 then 'Credit card'
        when 2 then 'Cash'
        when 3 then 'No charge'
        when 4 then 'Dispute'
        when 5 then 'Unknown'
        when 6 then 'Voided trip'
        else 'Unmapped'
    end                                           as payment_method,

    case t.rate_code_id
        when 1 then 'Standard'
        when 2 then 'JFK'
        when 3 then 'Newark'
        when 4 then 'Nassau/Westchester'
        when 5 then 'Negotiated'
        when 6 then 'Group ride'
        else 'Unknown'
    end                                           as rate_type,

    t._source_file,
    t._loaded_at

from trips t
left join zones pu on t.pickup_zone_id  = pu.zone_id
left join zones do on t.dropoff_zone_id = do.zone_id
    )

/* {"app": "dbt", "dbt_version": "1.12.0", "profile_name": "nyc_taxi", "target_name": "dev", "node_id": "model.nyc_taxi.fct_trips"} */;
[0m05:07:55.748229 [debug] [Thread-5 (]: Opening a new connection, currently in state init
[0m05:08:06.128524 [debug] [Thread-5 (]: SQL status: SUCCESS 9232810 in 10.380 seconds
[0m05:08:06.137278 [debug] [Thread-5 (]: Sending event: {'category': 'dbt', 'action': 'run_model', 'label': 'fa8860d7-24f2-47f4-94a7-8416a207d8b6', 'context': [<snowplow_tracker.self_describing_json.SelfDescribingJson object at 0x1118c01a0>]}
[0m05:08:06.138143 [info ] [Thread-5 (]: 4 of 4 OK created sql table model ANALYTICS_marts.fct_trips .................... [[32mSUCCESS 9232810[0m in 10.40s]
[0m05:08:06.138583 [debug] [Thread-5 (]: Finished running node model.nyc_taxi.fct_trips
[0m05:08:06.140254 [debug] [MainThread]: Connection 'master' was properly closed.
[0m05:08:06.140442 [debug] [MainThread]: Connection 'model.nyc_taxi.stg_taxi_zones' was left open.
[0m05:08:06.140613 [debug] [MainThread]: On model.nyc_taxi.stg_taxi_zones: Close
[0m05:08:06.258274 [debug] [MainThread]: Connection 'model.nyc_taxi.stg_yellow_trips' was left open.
[0m05:08:06.258566 [debug] [MainThread]: On model.nyc_taxi.stg_yellow_trips: Close
[0m05:08:06.487348 [debug] [MainThread]: Connection 'model.nyc_taxi.dim_zones' was left open.
[0m05:08:06.488113 [debug] [MainThread]: On model.nyc_taxi.dim_zones: Close
[0m05:08:06.632714 [debug] [MainThread]: Connection 'model.nyc_taxi.fct_trips' was left open.
[0m05:08:06.633455 [debug] [MainThread]: On model.nyc_taxi.fct_trips: Close
[0m05:08:06.758829 [info ] [MainThread]: 
[0m05:08:06.760011 [info ] [MainThread]: Finished running 2 table models, 2 view models in 0 hours 0 minutes and 15.73 seconds (15.73s).
[0m05:08:06.762238 [debug] [MainThread]: Command end result
[0m05:08:06.816400 [debug] [MainThread]: Wrote artifact WritableManifest to /Users/prabhushankar/Documents/NYC_TLC/dbt/target/manifest.json
[0m05:08:06.822465 [debug] [MainThread]: Wrote artifact SemanticManifest to /Users/prabhushankar/Documents/NYC_TLC/dbt/target/semantic_manifest.json
[0m05:08:06.824484 [debug] [MainThread]: Wrote artifact OsiDocument to /Users/prabhushankar/Documents/NYC_TLC/dbt/target/osi_document.json
[0m05:08:06.829860 [debug] [MainThread]: Wrote artifact RunExecutionResult to /Users/prabhushankar/Documents/NYC_TLC/dbt/target/run_results.json
[0m05:08:06.830076 [info ] [MainThread]: 
[0m05:08:06.830332 [info ] [MainThread]: [32mCompleted successfully[0m
[0m05:08:06.830517 [info ] [MainThread]: 
[0m05:08:06.830750 [info ] [MainThread]: Done. PASS=4 WARN=0 ERROR=0 SKIP=0 NO-OP=0 REUSED=0 TOTAL=4
[0m05:08:06.831296 [warn ] [MainThread]: [[33mWARNING[0m][DeprecationsSummary]: Deprecated functionality
Summary of encountered deprecations:
- MissingArgumentsPropertyInGenericTestDeprecation: 2 occurrences
To see all deprecation instances instead of just the first occurrence of each,
run command again with the `--show-all-deprecations` flag. You may also need to
run with `--no-partial-parse` as some deprecations are only encountered during
parsing.
[0m05:08:06.834284 [debug] [MainThread]: Resource report: {"command_name": "run", "command_success": true, "command_wall_clock_time": 16.808678, "process_in_blocks": "0", "process_kernel_time": 0.32507, "process_mem_max_rss": "200769536", "process_out_blocks": "0", "process_user_time": 2.29822}
[0m05:08:06.834666 [debug] [MainThread]: Command `dbt run` succeeded at 05:08:06.834611 after 16.81 seconds
[0m05:08:06.834977 [debug] [MainThread]: Sending event: {'category': 'dbt', 'action': 'invocation', 'label': 'end', 'context': [<snowplow_tracker.self_describing_json.SelfDescribingJson object at 0x111b36e70>, <snowplow_tracker.self_describing_json.SelfDescribingJson object at 0x1114a34d0>, <snowplow_tracker.self_describing_json.SelfDescribingJson object at 0x1114a3410>]}
[0m05:08:06.835195 [debug] [MainThread]: Flushing usage events
[0m05:08:06.959509 [debug] [MainThread]: An error was encountered while trying to flush usage events
{"data":{"log_version":3,"version":"=2.0.0-preview.92"},"info":{"category":"","code":"A001","extra":{},"invocation_id":"019f9365-b772-76f3-8558-16f2be79d7a0","level":"info","msg":"Running with dbt-fusion=2.0.0-preview.92","name":"MainReportVersion","pid":70940,"thread":"tokio-runtime-worker","ts":"2026-07-24T09:12:24.708317Z"}}
{"data":{"args":{"debug":"false","invocation_command":"/Users/prabhushankar/.local/bin/dbt show --format json --log-format json --show none --defer --inline select * from (\nwith trips as (\n\n    select * from {{ ref('stg_yellow_trips') }}\n    {% if is_incremental() %}\n    where _loaded_at > (\n        select coalesce(max(_loaded_at), '1900-01-01'::timestamp_ltz)\n        from {{ this }}\n    )\n    {% endif %}\n\n)\nSELECT * FROM TRIPS\n) as __preview_sbq__ limit 1000 --select fct_trips","log_format":"json","quiet":"false","write_json":"true"}},"info":{"category":"","code":"A002","extra":{},"invocation_id":"019f9365-b772-76f3-8558-16f2be79d7a0","level":"debug","msg":"running dbt-fusion with argumets {\"command\":\"show\",\"vars\":\"{}\",\"limit\":\"10\",\"select\":[\"fqn:fct_trips\"],\"resource_types\":[\"model\",\"snapshot\",\"seed\",\"source\",\"analysis\"],\"debug\":false,\"log_format\":\"json\",\"quiet\":false,\"write_json\":true,\"write_catalog\":false}","name":"MainReportArgs","pid":70940,"thread":"tokio-runtime-worker","ts":"2026-07-24T09:12:24.708333Z"}}
{"data":{"msg":"dbt-fusion 2.0.0-preview.92"},"info":{"category":"","code":"","extra":{},"invocation_id":"019f9365-b772-76f3-8558-16f2be79d7a0","level":"info","msg":"dbt-fusion 2.0.0-preview.92","name":"Generic","pid":70940,"thread":"tokio-runtime-worker","ts":"2026-07-24T09:12:24.711957Z"}}
{"data":{"msg":"Loading ~/.dbt/profiles.yml"},"info":{"category":"","code":"","extra":{},"invocation_id":"019f9365-b772-76f3-8558-16f2be79d7a0","level":"info","msg":"Loading ~/.dbt/profiles.yml","name":"Generic","pid":70940,"thread":"tokio-runtime-worker","ts":"2026-07-24T09:12:24.742160Z"}}
{"data":{},"info":{"category":"","code":"","extra":{},"invocation_id":"019f9365-b772-76f3-8558-16f2be79d7a0","level":"error","msg":"error: dbt0102: Deprecated test arguments: [\"values\"] at top-level detected. Please migrate to the new format under the 'arguments' field: https://docs.getdbt.com/reference/deprecations#missingargumentspropertyingenerictestdeprecation.\n  --> models/marts/schema.yml:11:23","name":"Generic","pid":70940,"thread":"tokio-runtime-worker","ts":"2026-07-24T09:12:25.122012Z"}}
{"data":{},"info":{"category":"","code":"","extra":{},"invocation_id":"019f9365-b772-76f3-8558-16f2be79d7a0","level":"error","msg":"error: dbt0102: Deprecated test arguments: [\"field\", \"to\"] at top-level detected. Please migrate to the new format under the 'arguments' field: https://docs.getdbt.com/reference/deprecations#missingargumentspropertyingenerictestdeprecation.\n  --> models/marts/schema.yml:25:22","name":"Generic","pid":70940,"thread":"tokio-runtime-worker","ts":"2026-07-24T09:12:25.124142Z"}}
{"data":{"artifact_path":"target/semantic_manifest.json","artifact_type":"ARTIFACT_TYPE_SEMANTIC_MANIFEST"},"info":{"category":"","code":"P001","extra":{},"invocation_id":"019f9365-b772-76f3-8558-16f2be79d7a0","level":"info","msg":"Artifact written to target/semantic_manifest.json","name":"ArtifactWritten","pid":70940,"thread":"tokio-runtime-worker","ts":"2026-07-24T09:12:25.145223Z"}}
{"data":{"artifact_path":"target/manifest.json","artifact_type":"WritableManifest"},"info":{"category":"","code":"P001","extra":{},"invocation_id":"019f9365-b772-76f3-8558-16f2be79d7a0","level":"info","msg":"Artifact written to target/manifest.json","name":"ArtifactWritten","pid":70940,"thread":"tokio-runtime-worker","ts":"2026-07-24T09:12:25.155679Z"}}
{"data":{"msg":"New version available 2.0.0-preview.202 (run `dbt system update`)"},"info":{"category":"","code":"","extra":{},"invocation_id":"019f9365-b772-76f3-8558-16f2be79d7a0","level":"info","msg":"New version available 2.0.0-preview.202 (run `dbt system update`)","name":"Generic","pid":70940,"thread":"tokio-runtime-worker","ts":"2026-07-24T09:12:25.467686Z"}}
{"data":{},"info":{"category":"","code":"","extra":{},"invocation_id":"019f9365-b772-76f3-8558-16f2be79d7a0","level":"info","msg":"suggestion: Run 'dbt deps' to see the latest fusion compatible packages. For compatibility errors, try the autofix script: https://github.com/dbt-labs/dbt-autofix","name":"Generic","pid":70940,"thread":"tokio-runtime-worker","ts":"2026-07-24T09:12:25.505050Z"}}
{"data":{"completed_at":"2026-07-24T09:12:25.504369Z","elapsed":0.7990700006484985,"success":false},"info":{"category":"","code":"Q039","extra":{},"invocation_id":"019f9365-b772-76f3-8558-16f2be79d7a0","level":"info","msg":"\n==================== Execution Summary =====================\nFinished 'show' with 2 errors for target 'dev' [799ms]","name":"CommandCompleted","pid":70940,"thread":"tokio-runtime-worker","ts":"2026-07-24T09:12:25.505067Z"}}
[0m05:13:07.011056 [debug] [MainThread]: Sending event: {'category': 'dbt', 'action': 'invocation', 'label': 'start', 'context': [<snowplow_tracker.self_describing_json.SelfDescribingJson object at 0x108b986e0>, <snowplow_tracker.self_describing_json.SelfDescribingJson object at 0x10a10e710>, <snowplow_tracker.self_describing_json.SelfDescribingJson object at 0x10a10e990>]}


============================== 05:13:07.014199 | 2db80ebc-6fee-46f8-bc81-b85819f39f42 ==============================
[0m05:13:07.014199 [info ] [MainThread]: Running with dbt=1.12.0
[0m05:13:07.014535 [debug] [MainThread]: running dbt with arguments {'static_parser': 'True', 'use_experimental_parser': 'False', 'quiet': 'False', 'write_json': 'True', 'send_anonymous_usage_stats': 'True', 'use_colors': 'True', 'partial_parse': 'True', 'indirect_selection': 'eager', 'version_check': 'True', 'introspect': 'True', 'profiles_dir': '/Users/prabhushankar/.dbt', 'printer_width': '80', 'log_path': '/Users/prabhushankar/Documents/NYC_TLC/dbt/logs', 'log_format': 'default', 'target_path': 'None', 'hints_enabled': 'True', 'maximum_seed_size_mib': '1', 'empty': 'False', 'warn_error': 'None', 'invocation_command': 'dbt build --full-refresh -s fct_trips', 'no_print': 'None', 'log_cache_events': 'False', 'fail_fast': 'False', 'debug': 'False', 'warn_error_options': 'WarnErrorOptionsV2(error=[], warn=[], silence=[])', 'cache_selected_only': 'False'}
[0m05:13:07.274513 [debug] [MainThread]: Snowflake adapter: Setting snowflake.connector to ERROR (file logging only)
[0m05:13:07.274793 [debug] [MainThread]: Snowflake adapter: Setting botocore to ERROR (file logging only)
[0m05:13:07.274963 [debug] [MainThread]: Snowflake adapter: Setting boto3 to ERROR (file logging only)
[0m05:13:07.393406 [debug] [MainThread]: Sending event: {'category': 'dbt', 'action': 'project_id', 'label': '2db80ebc-6fee-46f8-bc81-b85819f39f42', 'context': [<snowplow_tracker.self_describing_json.SelfDescribingJson object at 0x10c14a8b0>]}
[0m05:13:07.423547 [debug] [MainThread]: Sending event: {'category': 'dbt', 'action': 'adapter_info', 'label': '2db80ebc-6fee-46f8-bc81-b85819f39f42', 'context': [<snowplow_tracker.self_describing_json.SelfDescribingJson object at 0x106c0f9b0>]}
[0m05:13:07.424145 [info ] [MainThread]: Registered adapter: snowflake=1.12.0
[0m05:13:07.485878 [debug] [MainThread]: checksum: d266517bde050d9204aee05e09a0f60d0aff1ba26c776ccef1af446d5bccf069, vars: {}, profile: nyc_taxi, target: dev, version: 1.12.0
[0m05:13:07.575279 [debug] [MainThread]: Partial parsing enabled: 0 files deleted, 0 files added, 1 files changed.
[0m05:13:07.575651 [debug] [MainThread]: Partial parsing: updated file: nyc_taxi://models/marts/fct_trips.sql
[0m05:13:07.831008 [warn ] [MainThread]: [[33mWARNING[0m][MissingArgumentsPropertyInGenericTestDeprecation]: Deprecated
functionality
Found top-level arguments to test `relationships` defined on 'fct_trips' in
package 'nyc_taxi' (models/marts/schema.yml). Arguments to generic tests should
be nested under the `arguments` property.
[0m05:13:07.831348 [debug] [MainThread]: Sending event: {'category': 'dbt', 'action': 'deprecation', 'label': '2db80ebc-6fee-46f8-bc81-b85819f39f42', 'property_': 'warn', 'context': [<snowplow_tracker.self_describing_json.SelfDescribingJson object at 0x10cb29a50>]}
[0m05:13:07.870662 [debug] [MainThread]: Sending event: {'category': 'dbt', 'action': 'load_project', 'label': '2db80ebc-6fee-46f8-bc81-b85819f39f42', 'context': [<snowplow_tracker.self_describing_json.SelfDescribingJson object at 0x10d02d040>]}
[0m05:13:07.930011 [debug] [MainThread]: Wrote artifact WritableManifest to /Users/prabhushankar/Documents/NYC_TLC/dbt/target/manifest.json
[0m05:13:07.934510 [debug] [MainThread]: Wrote artifact SemanticManifest to /Users/prabhushankar/Documents/NYC_TLC/dbt/target/semantic_manifest.json
[0m05:13:07.949121 [debug] [MainThread]: Wrote artifact OsiDocument to /Users/prabhushankar/Documents/NYC_TLC/dbt/target/osi_document.json
[0m05:13:07.963408 [debug] [MainThread]: Sending event: {'category': 'dbt', 'action': 'resource_counts', 'label': '2db80ebc-6fee-46f8-bc81-b85819f39f42', 'context': [<snowplow_tracker.self_describing_json.SelfDescribingJson object at 0x10d235630>]}
[0m05:13:07.963675 [info ] [MainThread]: Found 4 models, 7 data tests, 2 sources, 545 macros
[0m05:13:07.964749 [info ] [MainThread]: 
[0m05:13:07.964956 [info ] [MainThread]: Concurrency: 4 threads (target='dev')
[0m05:13:07.965114 [info ] [MainThread]: 
[0m05:13:07.965389 [debug] [MainThread]: Acquiring new snowflake connection 'master'
[0m05:13:07.965830 [debug] [ThreadPool]: Acquiring new snowflake connection 'list_NYC_TAXI'
[0m05:13:07.973000 [debug] [ThreadPool]: Using snowflake connection "list_NYC_TAXI"
[0m05:13:07.973187 [debug] [ThreadPool]: On list_NYC_TAXI: show terse schemas in database NYC_TAXI
    limit 10000
/* {"app": "dbt", "dbt_version": "1.12.0", "profile_name": "nyc_taxi", "target_name": "dev", "connection_name": "list_NYC_TAXI"} */
[0m05:13:07.973344 [debug] [ThreadPool]: Opening a new connection, currently in state init
[0m05:13:08.759773 [debug] [ThreadPool]: SQL status: SUCCESS 5 in 0.786 seconds
[0m05:13:08.769086 [debug] [ThreadPool]: Re-using an available connection from the pool (formerly list_NYC_TAXI, now list_NYC_TAXI_ANALYTICS_marts)
[0m05:13:08.775962 [debug] [ThreadPool]: Acquiring new snowflake connection 'list_NYC_TAXI_ANALYTICS_staging'
[0m05:13:08.783833 [debug] [ThreadPool]: Using snowflake connection "list_NYC_TAXI_ANALYTICS_staging"
[0m05:13:08.782604 [debug] [ThreadPool]: Using snowflake connection "list_NYC_TAXI_ANALYTICS_marts"
[0m05:13:08.784404 [debug] [ThreadPool]: On list_NYC_TAXI_ANALYTICS_marts: show objects in NYC_TAXI.ANALYTICS_marts
    limit 10000
    

/* {"app": "dbt", "dbt_version": "1.12.0", "profile_name": "nyc_taxi", "target_name": "dev", "connection_name": "list_NYC_TAXI_ANALYTICS_marts"} */;
[0m05:13:08.784131 [debug] [ThreadPool]: On list_NYC_TAXI_ANALYTICS_staging: show objects in NYC_TAXI.ANALYTICS_staging
    limit 10000
    

/* {"app": "dbt", "dbt_version": "1.12.0", "profile_name": "nyc_taxi", "target_name": "dev", "connection_name": "list_NYC_TAXI_ANALYTICS_staging"} */;
[0m05:13:08.784946 [debug] [ThreadPool]: Opening a new connection, currently in state init
[0m05:13:09.020415 [debug] [ThreadPool]: SQL status: SUCCESS 2 in 0.236 seconds
[0m05:13:09.025348 [debug] [ThreadPool]: Using snowflake connection "list_NYC_TAXI_ANALYTICS_marts"
[0m05:13:09.025656 [debug] [ThreadPool]: On list_NYC_TAXI_ANALYTICS_marts: show user functions in NYC_TAXI.ANALYTICS_marts
/* {"app": "dbt", "dbt_version": "1.12.0", "profile_name": "nyc_taxi", "target_name": "dev", "connection_name": "list_NYC_TAXI_ANALYTICS_marts"} */
[0m05:13:09.170871 [debug] [ThreadPool]: SQL status: SUCCESS 0 in 0.145 seconds
[0m05:13:09.325261 [debug] [ThreadPool]: SQL status: SUCCESS 3 in 0.540 seconds
[0m05:13:09.327538 [debug] [ThreadPool]: Using snowflake connection "list_NYC_TAXI_ANALYTICS_staging"
[0m05:13:09.327834 [debug] [ThreadPool]: On list_NYC_TAXI_ANALYTICS_staging: show user functions in NYC_TAXI.ANALYTICS_staging
/* {"app": "dbt", "dbt_version": "1.12.0", "profile_name": "nyc_taxi", "target_name": "dev", "connection_name": "list_NYC_TAXI_ANALYTICS_staging"} */
[0m05:13:09.461413 [debug] [ThreadPool]: SQL status: SUCCESS 0 in 0.133 seconds
[0m05:13:09.464661 [debug] [MainThread]: Sending event: {'category': 'dbt', 'action': 'runnable_timing', 'label': '2db80ebc-6fee-46f8-bc81-b85819f39f42', 'context': [<snowplow_tracker.self_describing_json.SelfDescribingJson object at 0x10be614a0>]}
[0m05:13:09.468687 [debug] [Thread-2 (]: Began running node model.nyc_taxi.fct_trips
[0m05:13:09.469340 [info ] [Thread-2 (]: 1 of 5 START sql incremental model ANALYTICS_marts.fct_trips ................... [RUN]
[0m05:13:09.469893 [debug] [Thread-2 (]: Re-using an available connection from the pool (formerly list_NYC_TAXI_ANALYTICS_marts, now model.nyc_taxi.fct_trips)
[0m05:13:09.470311 [debug] [Thread-2 (]: Began compiling node model.nyc_taxi.fct_trips
[0m05:13:09.480874 [debug] [Thread-2 (]: Writing injected SQL for node "model.nyc_taxi.fct_trips"
[0m05:13:09.481555 [debug] [Thread-2 (]: Began executing node model.nyc_taxi.fct_trips
[0m05:13:09.532536 [debug] [Thread-2 (]: Writing runtime sql for node "model.nyc_taxi.fct_trips"
[0m05:13:09.534128 [debug] [Thread-2 (]: Using snowflake connection "model.nyc_taxi.fct_trips"
[0m05:13:09.534397 [debug] [Thread-2 (]: On model.nyc_taxi.fct_trips: create or replace transient table NYC_TAXI.ANALYTICS_marts.fct_trips
    
    
    
    
    

    as (


with trips as (

    select * from NYC_TAXI.ANALYTICS_staging.stg_yellow_trips
    

),

zones as (

    select * from NYC_TAXI.ANALYTICS_marts.dim_zones

)

select
    -- surrogate key
    md5(
        t.vendor_id || '|' || t.pickup_at || '|' || t.dropoff_at || '|'
        || t.pickup_zone_id || '|' || t.total_amount
    )                                             as trip_key,

    -- grain / time
    t.pickup_at,
    t.dropoff_at,
    t.pickup_at::date                             as pickup_date,
    hour(t.pickup_at)                             as pickup_hour,
    dayname(t.pickup_at)                          as pickup_day_name,
    iff(dayofweek(t.pickup_at) in (0, 6), true, false) as is_weekend,

    -- geography
    t.pickup_zone_id,
    pu.borough                                    as pickup_borough,
    pu.zone_name                                  as pickup_zone,
    t.dropoff_zone_id,
    do.borough                                    as dropoff_borough,
    do.zone_name                                  as dropoff_zone,
    iff(pu.borough = do.borough, true, false)     as is_intra_borough,

    -- trip facts
    t.passenger_count,
    t.trip_distance_miles,
    t.trip_duration_seconds,
    round(t.trip_duration_seconds / 60.0, 2)      as trip_duration_minutes,
    round(
        t.trip_distance_miles / nullif(t.trip_duration_seconds / 3600.0, 0), 2
    )                                             as avg_speed_mph,

    -- money
    t.fare_amount,
    t.tip_amount,
    t.tolls_amount,
    t.congestion_surcharge,
    t.airport_fee,
    t.total_amount,
    round(t.tip_amount / nullif(t.fare_amount, 0) * 100, 2) as tip_pct_of_fare,

    -- descriptors
    case t.payment_type
        when 1 then 'Credit card'
        when 2 then 'Cash'
        when 3 then 'No charge'
        when 4 then 'Dispute'
        when 5 then 'Unknown'
        when 6 then 'Voided trip'
        else 'Unmapped'
    end                                           as payment_method,

    case t.rate_code_id
        when 1 then 'Standard'
        when 2 then 'JFK'
        when 3 then 'Newark'
        when 4 then 'Nassau/Westchester'
        when 5 then 'Negotiated'
        when 6 then 'Group ride'
        else 'Unknown'
    end                                           as rate_type,

    t._source_file,
    t._loaded_at

from trips t
left join zones pu on t.pickup_zone_id  = pu.zone_id
left join zones do on t.dropoff_zone_id = do.zone_id
    )

/* {"app": "dbt", "dbt_version": "1.12.0", "profile_name": "nyc_taxi", "target_name": "dev", "node_id": "model.nyc_taxi.fct_trips"} */;
[0m05:13:20.432458 [debug] [Thread-2 (]: SQL status: SUCCESS 9232810 in 10.896 seconds
[0m05:13:20.454745 [debug] [Thread-2 (]: Applying DROP to: NYC_TAXI.ANALYTICS_marts.fct_trips__dbt_tmp
[0m05:13:20.461801 [debug] [Thread-2 (]: Using snowflake connection "model.nyc_taxi.fct_trips"
[0m05:13:20.462142 [debug] [Thread-2 (]: On model.nyc_taxi.fct_trips: drop table if exists NYC_TAXI.ANALYTICS_marts.fct_trips__dbt_tmp cascade
/* {"app": "dbt", "dbt_version": "1.12.0", "profile_name": "nyc_taxi", "target_name": "dev", "node_id": "model.nyc_taxi.fct_trips"} */
[0m05:13:20.570065 [debug] [Thread-2 (]: SQL status: SUCCESS 1 in 0.107 seconds
[0m05:13:20.610274 [debug] [Thread-2 (]: Sending event: {'category': 'dbt', 'action': 'run_model', 'label': '2db80ebc-6fee-46f8-bc81-b85819f39f42', 'context': [<snowplow_tracker.self_describing_json.SelfDescribingJson object at 0x10d621610>]}
[0m05:13:20.611163 [info ] [Thread-2 (]: 1 of 5 OK created sql incremental model ANALYTICS_marts.fct_trips .............. [[32mSUCCESS 9232810[0m in 11.14s]
[0m05:13:20.611716 [debug] [Thread-2 (]: Finished running node model.nyc_taxi.fct_trips
[0m05:13:20.613452 [debug] [Thread-3 (]: Began running node test.nyc_taxi.not_null_fct_trips_pickup_at.444dea6a87
[0m05:13:20.613765 [debug] [Thread-5 (]: Began running node test.nyc_taxi.not_null_fct_trips_trip_key.d8abf8dacc
[0m05:13:20.614759 [info ] [Thread-5 (]: 4 of 5 START test not_null_fct_trips_trip_key .................................. [RUN]
[0m05:13:20.615210 [debug] [Thread-5 (]: Acquiring new snowflake connection 'test.nyc_taxi.not_null_fct_trips_trip_key.d8abf8dacc'
[0m05:13:20.615489 [debug] [Thread-5 (]: Began compiling node test.nyc_taxi.not_null_fct_trips_trip_key.d8abf8dacc
[0m05:13:20.614009 [debug] [Thread-2 (]: Began running node test.nyc_taxi.relationships_fct_trips_pickup_zone_id__zone_id__ref_dim_zones_.02c4c209b7
[0m05:13:20.614227 [debug] [Thread-4 (]: Began running node test.nyc_taxi.not_null_fct_trips_total_amount.0e8ec5477d
[0m05:13:20.614500 [info ] [Thread-3 (]: 2 of 5 START test not_null_fct_trips_pickup_at ................................. [RUN]
[0m05:13:20.669046 [debug] [Thread-3 (]: Re-using an available connection from the pool (formerly list_NYC_TAXI_ANALYTICS_staging, now test.nyc_taxi.not_null_fct_trips_pickup_at.444dea6a87)
[0m05:13:20.669319 [debug] [Thread-3 (]: Began compiling node test.nyc_taxi.not_null_fct_trips_pickup_at.444dea6a87
[0m05:13:20.668548 [info ] [Thread-4 (]: 3 of 5 START test not_null_fct_trips_total_amount .............................. [RUN]
[0m05:13:20.665657 [info ] [Thread-2 (]: 5 of 5 START test relationships_fct_trips_pickup_zone_id__zone_id__ref_dim_zones_  [RUN]
[0m05:13:20.668076 [debug] [Thread-5 (]: Writing injected SQL for node "test.nyc_taxi.not_null_fct_trips_trip_key.d8abf8dacc"
[0m05:13:20.679630 [debug] [Thread-3 (]: Writing injected SQL for node "test.nyc_taxi.not_null_fct_trips_pickup_at.444dea6a87"
[0m05:13:20.680309 [debug] [Thread-4 (]: Acquiring new snowflake connection 'test.nyc_taxi.not_null_fct_trips_total_amount.0e8ec5477d'
[0m05:13:20.681041 [debug] [Thread-4 (]: Began compiling node test.nyc_taxi.not_null_fct_trips_total_amount.0e8ec5477d
[0m05:13:20.686223 [debug] [Thread-4 (]: Writing injected SQL for node "test.nyc_taxi.not_null_fct_trips_total_amount.0e8ec5477d"
[0m05:13:20.680625 [debug] [Thread-2 (]: Re-using an available connection from the pool (formerly model.nyc_taxi.fct_trips, now test.nyc_taxi.relationships_fct_trips_pickup_zone_id__zone_id__ref_dim_zones_.02c4c209b7)
[0m05:13:20.687652 [debug] [Thread-2 (]: Began compiling node test.nyc_taxi.relationships_fct_trips_pickup_zone_id__zone_id__ref_dim_zones_.02c4c209b7
[0m05:13:20.690551 [debug] [Thread-3 (]: Began executing node test.nyc_taxi.not_null_fct_trips_pickup_at.444dea6a87
[0m05:13:20.703390 [debug] [Thread-5 (]: Began executing node test.nyc_taxi.not_null_fct_trips_trip_key.d8abf8dacc
[0m05:13:20.696885 [debug] [Thread-2 (]: Writing injected SQL for node "test.nyc_taxi.relationships_fct_trips_pickup_zone_id__zone_id__ref_dim_zones_.02c4c209b7"
[0m05:13:20.713571 [debug] [Thread-3 (]: Writing runtime sql for node "test.nyc_taxi.not_null_fct_trips_pickup_at.444dea6a87"
[0m05:13:20.715042 [debug] [Thread-5 (]: Writing runtime sql for node "test.nyc_taxi.not_null_fct_trips_trip_key.d8abf8dacc"
[0m05:13:20.715489 [debug] [Thread-4 (]: Began executing node test.nyc_taxi.not_null_fct_trips_total_amount.0e8ec5477d
[0m05:13:20.717157 [debug] [Thread-4 (]: Writing runtime sql for node "test.nyc_taxi.not_null_fct_trips_total_amount.0e8ec5477d"
[0m05:13:20.718129 [debug] [Thread-5 (]: Using snowflake connection "test.nyc_taxi.not_null_fct_trips_trip_key.d8abf8dacc"
[0m05:13:20.718673 [debug] [Thread-5 (]: On test.nyc_taxi.not_null_fct_trips_trip_key.d8abf8dacc: select
      count(*) as failures,
      count(*) != 0 as should_warn,
      count(*) != 0 as should_error
    from (
      
    
  
    
    



select trip_key
from NYC_TAXI.ANALYTICS_marts.fct_trips
where trip_key is null



  
  
      
    ) dbt_internal_test
/* {"app": "dbt", "dbt_version": "1.12.0", "profile_name": "nyc_taxi", "target_name": "dev", "node_id": "test.nyc_taxi.not_null_fct_trips_trip_key.d8abf8dacc"} */
[0m05:13:20.718963 [debug] [Thread-5 (]: Opening a new connection, currently in state init
[0m05:13:20.719983 [debug] [Thread-4 (]: Using snowflake connection "test.nyc_taxi.not_null_fct_trips_total_amount.0e8ec5477d"
[0m05:13:20.720202 [debug] [Thread-4 (]: On test.nyc_taxi.not_null_fct_trips_total_amount.0e8ec5477d: select
      count(*) as failures,
      count(*) != 0 as should_warn,
      count(*) != 0 as should_error
    from (
      
    
  
    
    



select total_amount
from NYC_TAXI.ANALYTICS_marts.fct_trips
where total_amount is null



  
  
      
    ) dbt_internal_test
/* {"app": "dbt", "dbt_version": "1.12.0", "profile_name": "nyc_taxi", "target_name": "dev", "node_id": "test.nyc_taxi.not_null_fct_trips_total_amount.0e8ec5477d"} */
[0m05:13:20.720427 [debug] [Thread-4 (]: Opening a new connection, currently in state init
[0m05:13:20.719568 [debug] [Thread-2 (]: Began executing node test.nyc_taxi.relationships_fct_trips_pickup_zone_id__zone_id__ref_dim_zones_.02c4c209b7
[0m05:13:20.719347 [debug] [Thread-3 (]: Using snowflake connection "test.nyc_taxi.not_null_fct_trips_pickup_at.444dea6a87"
[0m05:13:20.722274 [debug] [Thread-3 (]: On test.nyc_taxi.not_null_fct_trips_pickup_at.444dea6a87: select
      count(*) as failures,
      count(*) != 0 as should_warn,
      count(*) != 0 as should_error
    from (
      
    
  
    
    



select pickup_at
from NYC_TAXI.ANALYTICS_marts.fct_trips
where pickup_at is null



  
  
      
    ) dbt_internal_test
/* {"app": "dbt", "dbt_version": "1.12.0", "profile_name": "nyc_taxi", "target_name": "dev", "node_id": "test.nyc_taxi.not_null_fct_trips_pickup_at.444dea6a87"} */
[0m05:13:20.721907 [debug] [Thread-2 (]: Writing runtime sql for node "test.nyc_taxi.relationships_fct_trips_pickup_zone_id__zone_id__ref_dim_zones_.02c4c209b7"
[0m05:13:20.903479 [debug] [Thread-2 (]: Using snowflake connection "test.nyc_taxi.relationships_fct_trips_pickup_zone_id__zone_id__ref_dim_zones_.02c4c209b7"
[0m05:13:20.903976 [debug] [Thread-2 (]: On test.nyc_taxi.relationships_fct_trips_pickup_zone_id__zone_id__ref_dim_zones_.02c4c209b7: select
      count(*) as failures,
      count(*) != 0 as should_warn,
      count(*) != 0 as should_error
    from (
      
    
  
    
    

with child as (
    select pickup_zone_id as from_field
    from NYC_TAXI.ANALYTICS_marts.fct_trips
    where pickup_zone_id is not null
),

parent as (
    select zone_id as to_field
    from NYC_TAXI.ANALYTICS_marts.dim_zones
)

select
    from_field

from child
left join parent
    on child.from_field = parent.to_field

where parent.to_field is null



  
  
      
    ) dbt_internal_test
/* {"app": "dbt", "dbt_version": "1.12.0", "profile_name": "nyc_taxi", "target_name": "dev", "node_id": "test.nyc_taxi.relationships_fct_trips_pickup_zone_id__zone_id__ref_dim_zones_.02c4c209b7"} */
[0m05:13:21.292429 [debug] [Thread-3 (]: SQL status: SUCCESS 1 in 0.566 seconds
[0m05:13:21.343995 [info ] [Thread-3 (]: 2 of 5 PASS not_null_fct_trips_pickup_at ....................................... [[32mPASS[0m in 0.67s]
[0m05:13:21.347888 [debug] [Thread-3 (]: Finished running node test.nyc_taxi.not_null_fct_trips_pickup_at.444dea6a87
[0m05:13:21.373860 [debug] [Thread-2 (]: SQL status: SUCCESS 1 in 0.469 seconds
[0m05:13:21.375232 [info ] [Thread-2 (]: 5 of 5 PASS relationships_fct_trips_pickup_zone_id__zone_id__ref_dim_zones_ .... [[32mPASS[0m in 0.69s]
[0m05:13:21.375583 [debug] [Thread-2 (]: Finished running node test.nyc_taxi.relationships_fct_trips_pickup_zone_id__zone_id__ref_dim_zones_.02c4c209b7
[0m05:13:21.614722 [debug] [Thread-5 (]: SQL status: SUCCESS 1 in 0.895 seconds
[0m05:13:21.618117 [info ] [Thread-5 (]: 4 of 5 PASS not_null_fct_trips_trip_key ........................................ [[32mPASS[0m in 1.00s]
[0m05:13:21.619062 [debug] [Thread-5 (]: Finished running node test.nyc_taxi.not_null_fct_trips_trip_key.d8abf8dacc
[0m05:13:21.668085 [debug] [Thread-4 (]: SQL status: SUCCESS 1 in 0.948 seconds
[0m05:13:21.669709 [info ] [Thread-4 (]: 3 of 5 PASS not_null_fct_trips_total_amount .................................... [[32mPASS[0m in 0.99s]
[0m05:13:21.670147 [debug] [Thread-4 (]: Finished running node test.nyc_taxi.not_null_fct_trips_total_amount.0e8ec5477d
[0m05:13:21.673063 [debug] [MainThread]: Connection 'master' was properly closed.
[0m05:13:21.673333 [debug] [MainThread]: Connection 'test.nyc_taxi.relationships_fct_trips_pickup_zone_id__zone_id__ref_dim_zones_.02c4c209b7' was left open.
[0m05:13:21.673561 [debug] [MainThread]: On test.nyc_taxi.relationships_fct_trips_pickup_zone_id__zone_id__ref_dim_zones_.02c4c209b7: Close
[0m05:13:21.839000 [debug] [MainThread]: Connection 'test.nyc_taxi.not_null_fct_trips_pickup_at.444dea6a87' was left open.
[0m05:13:21.839659 [debug] [MainThread]: On test.nyc_taxi.not_null_fct_trips_pickup_at.444dea6a87: Close
[0m05:13:21.952943 [debug] [MainThread]: Connection 'test.nyc_taxi.not_null_fct_trips_trip_key.d8abf8dacc' was left open.
[0m05:13:21.953628 [debug] [MainThread]: On test.nyc_taxi.not_null_fct_trips_trip_key.d8abf8dacc: Close
[0m05:13:22.120179 [debug] [MainThread]: Connection 'test.nyc_taxi.not_null_fct_trips_total_amount.0e8ec5477d' was left open.
[0m05:13:22.121391 [debug] [MainThread]: On test.nyc_taxi.not_null_fct_trips_total_amount.0e8ec5477d: Close
[0m05:13:22.277540 [info ] [MainThread]: 
[0m05:13:22.279194 [info ] [MainThread]: Finished running 1 incremental model, 4 data tests in 0 hours 0 minutes and 14.31 seconds (14.31s).
[0m05:13:22.281578 [debug] [MainThread]: Command end result
[0m05:13:22.323626 [debug] [MainThread]: Wrote artifact WritableManifest to /Users/prabhushankar/Documents/NYC_TLC/dbt/target/manifest.json
[0m05:13:22.326772 [debug] [MainThread]: Wrote artifact SemanticManifest to /Users/prabhushankar/Documents/NYC_TLC/dbt/target/semantic_manifest.json
[0m05:13:22.328807 [debug] [MainThread]: Wrote artifact OsiDocument to /Users/prabhushankar/Documents/NYC_TLC/dbt/target/osi_document.json
[0m05:13:22.334352 [debug] [MainThread]: Wrote artifact RunExecutionResult to /Users/prabhushankar/Documents/NYC_TLC/dbt/target/run_results.json
[0m05:13:22.334587 [info ] [MainThread]: 
[0m05:13:22.334867 [info ] [MainThread]: [32mCompleted successfully[0m
[0m05:13:22.335069 [info ] [MainThread]: 
[0m05:13:22.335295 [info ] [MainThread]: Done. PASS=5 WARN=0 ERROR=0 SKIP=0 NO-OP=0 REUSED=0 TOTAL=5
[0m05:13:22.335834 [warn ] [MainThread]: [[33mWARNING[0m][DeprecationsSummary]: Deprecated functionality
Summary of encountered deprecations:
- MissingArgumentsPropertyInGenericTestDeprecation: 1 occurrence
To see all deprecation instances instead of just the first occurrence of each,
run command again with the `--show-all-deprecations` flag. You may also need to
run with `--no-partial-parse` as some deprecations are only encountered during
parsing.
[0m05:13:22.338477 [debug] [MainThread]: Resource report: {"command_name": "build", "command_success": true, "command_wall_clock_time": 15.383012, "process_in_blocks": "0", "process_kernel_time": 0.452581, "process_mem_max_rss": "211156992", "process_out_blocks": "0", "process_user_time": 2.317781}
[0m05:13:22.338868 [debug] [MainThread]: Command `dbt build` succeeded at 05:13:22.338801 after 15.38 seconds
[0m05:13:22.339213 [debug] [MainThread]: Sending event: {'category': 'dbt', 'action': 'invocation', 'label': 'end', 'context': [<snowplow_tracker.self_describing_json.SelfDescribingJson object at 0x10d06b5f0>, <snowplow_tracker.self_describing_json.SelfDescribingJson object at 0x10d23a850>, <snowplow_tracker.self_describing_json.SelfDescribingJson object at 0x10d23aad0>]}
[0m05:13:22.339508 [debug] [MainThread]: Flushing usage events
[0m05:13:22.667020 [debug] [MainThread]: An error was encountered while trying to flush usage events
[0m05:13:31.014845 [debug] [MainThread]: Sending event: {'category': 'dbt', 'action': 'invocation', 'label': 'start', 'context': [<snowplow_tracker.self_describing_json.SelfDescribingJson object at 0x10d0406e0>, <snowplow_tracker.self_describing_json.SelfDescribingJson object at 0x10e5b2710>, <snowplow_tracker.self_describing_json.SelfDescribingJson object at 0x10e5b2990>]}


============================== 05:13:31.018070 | 37d61a7e-1fab-45c0-8a38-a368162c22aa ==============================
[0m05:13:31.018070 [info ] [MainThread]: Running with dbt=1.12.0
[0m05:13:31.018422 [debug] [MainThread]: running dbt with arguments {'debug': 'False', 'send_anonymous_usage_stats': 'True', 'printer_width': '80', 'static_parser': 'True', 'fail_fast': 'False', 'write_json': 'True', 'log_format': 'default', 'use_colors': 'True', 'log_path': '/Users/prabhushankar/Documents/NYC_TLC/dbt/logs', 'maximum_seed_size_mib': '1', 'indirect_selection': 'eager', 'warn_error_options': 'WarnErrorOptionsV2(error=[], warn=[], silence=[])', 'introspect': 'True', 'cache_selected_only': 'False', 'log_cache_events': 'False', 'profiles_dir': '/Users/prabhushankar/.dbt', 'partial_parse': 'True', 'version_check': 'True', 'target_path': 'None', 'no_print': 'None', 'quiet': 'False', 'empty': 'False', 'hints_enabled': 'True', 'invocation_command': 'dbt build -s fct_trips', 'use_experimental_parser': 'False', 'warn_error': 'None'}
[0m05:13:31.245709 [debug] [MainThread]: Snowflake adapter: Setting snowflake.connector to ERROR (file logging only)
[0m05:13:31.245981 [debug] [MainThread]: Snowflake adapter: Setting botocore to ERROR (file logging only)
[0m05:13:31.246145 [debug] [MainThread]: Snowflake adapter: Setting boto3 to ERROR (file logging only)
[0m05:13:31.363661 [debug] [MainThread]: Sending event: {'category': 'dbt', 'action': 'project_id', 'label': '37d61a7e-1fab-45c0-8a38-a368162c22aa', 'context': [<snowplow_tracker.self_describing_json.SelfDescribingJson object at 0x11061a8b0>]}
[0m05:13:31.393989 [debug] [MainThread]: Sending event: {'category': 'dbt', 'action': 'adapter_info', 'label': '37d61a7e-1fab-45c0-8a38-a368162c22aa', 'context': [<snowplow_tracker.self_describing_json.SelfDescribingJson object at 0x10b0df9b0>]}
[0m05:13:31.395212 [info ] [MainThread]: Registered adapter: snowflake=1.12.0
[0m05:13:31.458415 [debug] [MainThread]: checksum: d266517bde050d9204aee05e09a0f60d0aff1ba26c776ccef1af446d5bccf069, vars: {}, profile: nyc_taxi, target: dev, version: 1.12.0
[0m05:13:31.542603 [debug] [MainThread]: Partial parsing enabled: 0 files deleted, 0 files added, 0 files changed.
[0m05:13:31.542842 [debug] [MainThread]: Nothing changed, skipping partial parsing.
[0m05:13:31.542995 [debug] [MainThread]: Partial parsing enabled, no changes found, skipping parsing
[0m05:13:31.547995 [debug] [MainThread]: Sending event: {'category': 'dbt', 'action': 'load_project', 'label': '37d61a7e-1fab-45c0-8a38-a368162c22aa', 'context': [<snowplow_tracker.self_describing_json.SelfDescribingJson object at 0x111000e50>]}
[0m05:13:31.624592 [debug] [MainThread]: Wrote artifact WritableManifest to /Users/prabhushankar/Documents/NYC_TLC/dbt/target/manifest.json
[0m05:13:31.626338 [debug] [MainThread]: Wrote artifact SemanticManifest to /Users/prabhushankar/Documents/NYC_TLC/dbt/target/semantic_manifest.json
[0m05:13:31.638588 [debug] [MainThread]: Wrote artifact OsiDocument to /Users/prabhushankar/Documents/NYC_TLC/dbt/target/osi_document.json
[0m05:13:31.652876 [debug] [MainThread]: Sending event: {'category': 'dbt', 'action': 'resource_counts', 'label': '37d61a7e-1fab-45c0-8a38-a368162c22aa', 'context': [<snowplow_tracker.self_describing_json.SelfDescribingJson object at 0x1111472f0>]}
[0m05:13:31.653167 [info ] [MainThread]: Found 4 models, 7 data tests, 2 sources, 545 macros
[0m05:13:31.654263 [info ] [MainThread]: 
[0m05:13:31.654468 [info ] [MainThread]: Concurrency: 4 threads (target='dev')
[0m05:13:31.654626 [info ] [MainThread]: 
[0m05:13:31.654949 [debug] [MainThread]: Acquiring new snowflake connection 'master'
[0m05:13:31.655430 [debug] [ThreadPool]: Acquiring new snowflake connection 'list_NYC_TAXI'
[0m05:13:31.664524 [debug] [ThreadPool]: Using snowflake connection "list_NYC_TAXI"
[0m05:13:31.664739 [debug] [ThreadPool]: On list_NYC_TAXI: show terse schemas in database NYC_TAXI
    limit 10000
/* {"app": "dbt", "dbt_version": "1.12.0", "profile_name": "nyc_taxi", "target_name": "dev", "connection_name": "list_NYC_TAXI"} */
[0m05:13:31.664900 [debug] [ThreadPool]: Opening a new connection, currently in state init
[0m05:13:32.362742 [debug] [ThreadPool]: SQL status: SUCCESS 5 in 0.698 seconds
[0m05:13:32.373285 [debug] [ThreadPool]: Re-using an available connection from the pool (formerly list_NYC_TAXI, now list_NYC_TAXI_ANALYTICS_staging)
[0m05:13:32.374053 [debug] [ThreadPool]: Acquiring new snowflake connection 'list_NYC_TAXI_ANALYTICS_marts'
[0m05:13:32.389042 [debug] [ThreadPool]: Using snowflake connection "list_NYC_TAXI_ANALYTICS_marts"
[0m05:13:32.390714 [debug] [ThreadPool]: On list_NYC_TAXI_ANALYTICS_marts: show objects in NYC_TAXI.ANALYTICS_marts
    limit 10000
    

/* {"app": "dbt", "dbt_version": "1.12.0", "profile_name": "nyc_taxi", "target_name": "dev", "connection_name": "list_NYC_TAXI_ANALYTICS_marts"} */;
[0m05:13:32.390993 [debug] [ThreadPool]: Opening a new connection, currently in state init
[0m05:13:32.390431 [debug] [ThreadPool]: Using snowflake connection "list_NYC_TAXI_ANALYTICS_staging"
[0m05:13:32.391365 [debug] [ThreadPool]: On list_NYC_TAXI_ANALYTICS_staging: show objects in NYC_TAXI.ANALYTICS_staging
    limit 10000
    

/* {"app": "dbt", "dbt_version": "1.12.0", "profile_name": "nyc_taxi", "target_name": "dev", "connection_name": "list_NYC_TAXI_ANALYTICS_staging"} */;
[0m05:13:32.593695 [debug] [ThreadPool]: SQL status: SUCCESS 3 in 0.202 seconds
[0m05:13:32.597838 [debug] [ThreadPool]: Using snowflake connection "list_NYC_TAXI_ANALYTICS_staging"
[0m05:13:32.598099 [debug] [ThreadPool]: On list_NYC_TAXI_ANALYTICS_staging: show user functions in NYC_TAXI.ANALYTICS_staging
/* {"app": "dbt", "dbt_version": "1.12.0", "profile_name": "nyc_taxi", "target_name": "dev", "connection_name": "list_NYC_TAXI_ANALYTICS_staging"} */
[0m05:13:32.709944 [debug] [ThreadPool]: SQL status: SUCCESS 0 in 0.112 seconds
[0m05:13:34.095889 [debug] [ThreadPool]: SQL status: SUCCESS 2 in 1.705 seconds
[0m05:13:34.102215 [debug] [ThreadPool]: Using snowflake connection "list_NYC_TAXI_ANALYTICS_marts"
[0m05:13:34.102977 [debug] [ThreadPool]: On list_NYC_TAXI_ANALYTICS_marts: show user functions in NYC_TAXI.ANALYTICS_marts
/* {"app": "dbt", "dbt_version": "1.12.0", "profile_name": "nyc_taxi", "target_name": "dev", "connection_name": "list_NYC_TAXI_ANALYTICS_marts"} */
[0m05:13:34.227008 [debug] [ThreadPool]: SQL status: SUCCESS 0 in 0.123 seconds
[0m05:13:34.232041 [debug] [MainThread]: Sending event: {'category': 'dbt', 'action': 'runnable_timing', 'label': '37d61a7e-1fab-45c0-8a38-a368162c22aa', 'context': [<snowplow_tracker.self_describing_json.SelfDescribingJson object at 0x1111ab4d0>]}
[0m05:13:34.236997 [debug] [Thread-2 (]: Began running node model.nyc_taxi.fct_trips
[0m05:13:34.238113 [info ] [Thread-2 (]: 1 of 5 START sql incremental model ANALYTICS_marts.fct_trips ................... [RUN]
[0m05:13:34.238912 [debug] [Thread-2 (]: Re-using an available connection from the pool (formerly list_NYC_TAXI_ANALYTICS_staging, now model.nyc_taxi.fct_trips)
[0m05:13:34.239444 [debug] [Thread-2 (]: Began compiling node model.nyc_taxi.fct_trips
[0m05:13:34.255417 [debug] [Thread-2 (]: Writing injected SQL for node "model.nyc_taxi.fct_trips"
[0m05:13:34.256345 [debug] [Thread-2 (]: Began executing node model.nyc_taxi.fct_trips
[0m05:13:34.305244 [debug] [Thread-2 (]: Using snowflake connection "model.nyc_taxi.fct_trips"
[0m05:13:34.305686 [debug] [Thread-2 (]: On model.nyc_taxi.fct_trips: create or replace temporary table NYC_TAXI.ANALYTICS_marts.fct_trips__dbt_tmp
as (
    


with trips as (

    select * from NYC_TAXI.ANALYTICS_staging.stg_yellow_trips
    
    where _loaded_at > (
        select coalesce(max(_loaded_at), '1900-01-01'::timestamp_ltz)
        from NYC_TAXI.ANALYTICS_marts.fct_trips
    )
    

),

zones as (

    select * from NYC_TAXI.ANALYTICS_marts.dim_zones

)

select
    -- surrogate key
    md5(
        t.vendor_id || '|' || t.pickup_at || '|' || t.dropoff_at || '|'
        || t.pickup_zone_id || '|' || t.total_amount
    )                                             as trip_key,

    -- grain / time
    t.pickup_at,
    t.dropoff_at,
    t.pickup_at::date                             as pickup_date,
    hour(t.pickup_at)                             as pickup_hour,
    dayname(t.pickup_at)                          as pickup_day_name,
    iff(dayofweek(t.pickup_at) in (0, 6), true, false) as is_weekend,

    -- geography
    t.pickup_zone_id,
    pu.borough                                    as pickup_borough,
    pu.zone_name                                  as pickup_zone,
    t.dropoff_zone_id,
    do.borough                                    as dropoff_borough,
    do.zone_name                                  as dropoff_zone,
    iff(pu.borough = do.borough, true, false)     as is_intra_borough,

    -- trip facts
    t.passenger_count,
    t.trip_distance_miles,
    t.trip_duration_seconds,
    round(t.trip_duration_seconds / 60.0, 2)      as trip_duration_minutes,
    round(
        t.trip_distance_miles / nullif(t.trip_duration_seconds / 3600.0, 0), 2
    )                                             as avg_speed_mph,

    -- money
    t.fare_amount,
    t.tip_amount,
    t.tolls_amount,
    t.congestion_surcharge,
    t.airport_fee,
    t.total_amount,
    round(t.tip_amount / nullif(t.fare_amount, 0) * 100, 2) as tip_pct_of_fare,

    -- descriptors
    case t.payment_type
        when 1 then 'Credit card'
        when 2 then 'Cash'
        when 3 then 'No charge'
        when 4 then 'Dispute'
        when 5 then 'Unknown'
        when 6 then 'Voided trip'
        else 'Unmapped'
    end                                           as payment_method,

    case t.rate_code_id
        when 1 then 'Standard'
        when 2 then 'JFK'
        when 3 then 'Newark'
        when 4 then 'Nassau/Westchester'
        when 5 then 'Negotiated'
        when 6 then 'Group ride'
        else 'Unknown'
    end                                           as rate_type,

    t._source_file,
    t._loaded_at

from trips t
left join zones pu on t.pickup_zone_id  = pu.zone_id
left join zones do on t.dropoff_zone_id = do.zone_id
    )

/* {"app": "dbt", "dbt_version": "1.12.0", "profile_name": "nyc_taxi", "target_name": "dev", "node_id": "model.nyc_taxi.fct_trips"} */;
[0m05:13:35.246937 [debug] [Thread-2 (]: SQL status: SUCCESS 1 in 0.940 seconds
[0m05:13:35.261879 [debug] [Thread-2 (]: Using snowflake connection "model.nyc_taxi.fct_trips"
[0m05:13:35.262618 [debug] [Thread-2 (]: On model.nyc_taxi.fct_trips: describe table NYC_TAXI.ANALYTICS_marts.fct_trips__dbt_tmp
/* {"app": "dbt", "dbt_version": "1.12.0", "profile_name": "nyc_taxi", "target_name": "dev", "node_id": "model.nyc_taxi.fct_trips"} */
[0m05:13:35.473626 [debug] [Thread-2 (]: SQL status: SUCCESS 30 in 0.210 seconds
[0m05:13:35.481969 [debug] [Thread-2 (]: Using snowflake connection "model.nyc_taxi.fct_trips"
[0m05:13:35.482604 [debug] [Thread-2 (]: On model.nyc_taxi.fct_trips: describe table NYC_TAXI.ANALYTICS_marts.fct_trips
/* {"app": "dbt", "dbt_version": "1.12.0", "profile_name": "nyc_taxi", "target_name": "dev", "node_id": "model.nyc_taxi.fct_trips"} */
[0m05:13:35.592504 [debug] [Thread-2 (]: SQL status: SUCCESS 30 in 0.109 seconds
[0m05:13:35.610491 [debug] [Thread-2 (]: Using snowflake connection "model.nyc_taxi.fct_trips"
[0m05:13:35.611155 [debug] [Thread-2 (]: On model.nyc_taxi.fct_trips: describe table "NYC_TAXI"."ANALYTICS_MARTS"."FCT_TRIPS"
/* {"app": "dbt", "dbt_version": "1.12.0", "profile_name": "nyc_taxi", "target_name": "dev", "node_id": "model.nyc_taxi.fct_trips"} */
[0m05:13:35.730630 [debug] [Thread-2 (]: SQL status: SUCCESS 30 in 0.119 seconds
[0m05:13:35.759800 [debug] [Thread-2 (]: Writing runtime sql for node "model.nyc_taxi.fct_trips"
[0m05:13:35.761532 [debug] [Thread-2 (]: Using snowflake connection "model.nyc_taxi.fct_trips"
[0m05:13:35.761912 [debug] [Thread-2 (]: On model.nyc_taxi.fct_trips: BEGIN
/* {"app": "dbt", "dbt_version": "1.12.0", "profile_name": "nyc_taxi", "target_name": "dev", "node_id": "model.nyc_taxi.fct_trips"} */
[0m05:13:35.895626 [debug] [Thread-2 (]: SQL status: SUCCESS 1 in 0.133 seconds
[0m05:13:35.897108 [debug] [Thread-2 (]: Using snowflake connection "model.nyc_taxi.fct_trips"
[0m05:13:35.898247 [debug] [Thread-2 (]: On model.nyc_taxi.fct_trips: delete from NYC_TAXI.ANALYTICS_marts.fct_trips as DBT_INTERNAL_DEST
        where (_source_file) in (
            select distinct _source_file
            from NYC_TAXI.ANALYTICS_marts.fct_trips__dbt_tmp as DBT_INTERNAL_SOURCE
        )
/* {"app": "dbt", "dbt_version": "1.12.0", "profile_name": "nyc_taxi", "target_name": "dev", "node_id": "model.nyc_taxi.fct_trips"} */;
[0m05:13:36.216944 [debug] [Thread-2 (]: SQL status: SUCCESS 0 in 0.318 seconds
[0m05:13:36.217971 [debug] [Thread-2 (]: Using snowflake connection "model.nyc_taxi.fct_trips"
[0m05:13:36.218672 [debug] [Thread-2 (]: On model.nyc_taxi.fct_trips: insert into NYC_TAXI.ANALYTICS_marts.fct_trips ("TRIP_KEY", "PICKUP_AT", "DROPOFF_AT", "PICKUP_DATE", "PICKUP_HOUR", "PICKUP_DAY_NAME", "IS_WEEKEND", "PICKUP_ZONE_ID", "PICKUP_BOROUGH", "PICKUP_ZONE", "DROPOFF_ZONE_ID", "DROPOFF_BOROUGH", "DROPOFF_ZONE", "IS_INTRA_BOROUGH", "PASSENGER_COUNT", "TRIP_DISTANCE_MILES", "TRIP_DURATION_SECONDS", "TRIP_DURATION_MINUTES", "AVG_SPEED_MPH", "FARE_AMOUNT", "TIP_AMOUNT", "TOLLS_AMOUNT", "CONGESTION_SURCHARGE", "AIRPORT_FEE", "TOTAL_AMOUNT", "TIP_PCT_OF_FARE", "PAYMENT_METHOD", "RATE_TYPE", "_SOURCE_FILE", "_LOADED_AT")
    (
        select "TRIP_KEY", "PICKUP_AT", "DROPOFF_AT", "PICKUP_DATE", "PICKUP_HOUR", "PICKUP_DAY_NAME", "IS_WEEKEND", "PICKUP_ZONE_ID", "PICKUP_BOROUGH", "PICKUP_ZONE", "DROPOFF_ZONE_ID", "DROPOFF_BOROUGH", "DROPOFF_ZONE", "IS_INTRA_BOROUGH", "PASSENGER_COUNT", "TRIP_DISTANCE_MILES", "TRIP_DURATION_SECONDS", "TRIP_DURATION_MINUTES", "AVG_SPEED_MPH", "FARE_AMOUNT", "TIP_AMOUNT", "TOLLS_AMOUNT", "CONGESTION_SURCHARGE", "AIRPORT_FEE", "TOTAL_AMOUNT", "TIP_PCT_OF_FARE", "PAYMENT_METHOD", "RATE_TYPE", "_SOURCE_FILE", "_LOADED_AT"
        from NYC_TAXI.ANALYTICS_marts.fct_trips__dbt_tmp
    )
/* {"app": "dbt", "dbt_version": "1.12.0", "profile_name": "nyc_taxi", "target_name": "dev", "node_id": "model.nyc_taxi.fct_trips"} */;
[0m05:13:36.502989 [debug] [Thread-2 (]: SQL status: SUCCESS 0 in 0.283 seconds
[0m05:13:36.504237 [debug] [Thread-2 (]: Using snowflake connection "model.nyc_taxi.fct_trips"
[0m05:13:36.504861 [debug] [Thread-2 (]: On model.nyc_taxi.fct_trips: COMMIT
/* {"app": "dbt", "dbt_version": "1.12.0", "profile_name": "nyc_taxi", "target_name": "dev", "node_id": "model.nyc_taxi.fct_trips"} */
[0m05:13:36.680017 [debug] [Thread-2 (]: SQL status: SUCCESS 1 in 0.175 seconds
[0m05:13:36.685257 [debug] [Thread-2 (]: Applying DROP to: NYC_TAXI.ANALYTICS_marts.fct_trips__dbt_tmp
[0m05:13:36.690126 [debug] [Thread-2 (]: Using snowflake connection "model.nyc_taxi.fct_trips"
[0m05:13:36.690389 [debug] [Thread-2 (]: On model.nyc_taxi.fct_trips: drop table if exists NYC_TAXI.ANALYTICS_marts.fct_trips__dbt_tmp cascade
/* {"app": "dbt", "dbt_version": "1.12.0", "profile_name": "nyc_taxi", "target_name": "dev", "node_id": "model.nyc_taxi.fct_trips"} */
[0m05:13:36.875652 [debug] [Thread-2 (]: SQL status: SUCCESS 1 in 0.185 seconds
[0m05:13:36.906140 [debug] [Thread-2 (]: Sending event: {'category': 'dbt', 'action': 'run_model', 'label': '37d61a7e-1fab-45c0-8a38-a368162c22aa', 'context': [<snowplow_tracker.self_describing_json.SelfDescribingJson object at 0x11162d300>]}
[0m05:13:36.906826 [info ] [Thread-2 (]: 1 of 5 OK created sql incremental model ANALYTICS_marts.fct_trips .............. [[32mSUCCESS 0[0m in 2.67s]
[0m05:13:36.907373 [debug] [Thread-2 (]: Finished running node model.nyc_taxi.fct_trips
[0m05:13:36.908231 [debug] [Thread-5 (]: Began running node test.nyc_taxi.not_null_fct_trips_trip_key.d8abf8dacc
[0m05:13:36.909531 [info ] [Thread-5 (]: 4 of 5 START test not_null_fct_trips_trip_key .................................. [RUN]
[0m05:13:36.909987 [debug] [Thread-5 (]: Acquiring new snowflake connection 'test.nyc_taxi.not_null_fct_trips_trip_key.d8abf8dacc'
[0m05:13:36.910288 [debug] [Thread-5 (]: Began compiling node test.nyc_taxi.not_null_fct_trips_trip_key.d8abf8dacc
[0m05:13:36.908620 [debug] [Thread-4 (]: Began running node test.nyc_taxi.not_null_fct_trips_total_amount.0e8ec5477d
[0m05:13:36.908917 [debug] [Thread-2 (]: Began running node test.nyc_taxi.relationships_fct_trips_pickup_zone_id__zone_id__ref_dim_zones_.02c4c209b7
[0m05:13:36.909202 [debug] [Thread-3 (]: Began running node test.nyc_taxi.not_null_fct_trips_pickup_at.444dea6a87
[0m05:13:36.922734 [info ] [Thread-3 (]: 2 of 5 START test not_null_fct_trips_pickup_at ................................. [RUN]
[0m05:13:36.923035 [debug] [Thread-3 (]: Re-using an available connection from the pool (formerly list_NYC_TAXI_ANALYTICS_marts, now test.nyc_taxi.not_null_fct_trips_pickup_at.444dea6a87)
[0m05:13:36.923282 [debug] [Thread-3 (]: Began compiling node test.nyc_taxi.not_null_fct_trips_pickup_at.444dea6a87
[0m05:13:36.921817 [debug] [Thread-5 (]: Writing injected SQL for node "test.nyc_taxi.not_null_fct_trips_trip_key.d8abf8dacc"
[0m05:13:36.922116 [info ] [Thread-4 (]: 3 of 5 START test not_null_fct_trips_total_amount .............................. [RUN]
[0m05:13:36.922440 [info ] [Thread-2 (]: 5 of 5 START test relationships_fct_trips_pickup_zone_id__zone_id__ref_dim_zones_  [RUN]
[0m05:13:36.929230 [debug] [Thread-2 (]: Re-using an available connection from the pool (formerly model.nyc_taxi.fct_trips, now test.nyc_taxi.relationships_fct_trips_pickup_zone_id__zone_id__ref_dim_zones_.02c4c209b7)
[0m05:13:36.929492 [debug] [Thread-2 (]: Began compiling node test.nyc_taxi.relationships_fct_trips_pickup_zone_id__zone_id__ref_dim_zones_.02c4c209b7
[0m05:13:36.928505 [debug] [Thread-3 (]: Writing injected SQL for node "test.nyc_taxi.not_null_fct_trips_pickup_at.444dea6a87"
[0m05:13:36.928953 [debug] [Thread-4 (]: Acquiring new snowflake connection 'test.nyc_taxi.not_null_fct_trips_total_amount.0e8ec5477d'
[0m05:13:36.940555 [debug] [Thread-4 (]: Began compiling node test.nyc_taxi.not_null_fct_trips_total_amount.0e8ec5477d
[0m05:13:36.944438 [debug] [Thread-4 (]: Writing injected SQL for node "test.nyc_taxi.not_null_fct_trips_total_amount.0e8ec5477d"
[0m05:13:36.940789 [debug] [Thread-5 (]: Began executing node test.nyc_taxi.not_null_fct_trips_trip_key.d8abf8dacc
[0m05:13:36.940257 [debug] [Thread-2 (]: Writing injected SQL for node "test.nyc_taxi.relationships_fct_trips_pickup_zone_id__zone_id__ref_dim_zones_.02c4c209b7"
[0m05:13:36.952160 [debug] [Thread-3 (]: Began executing node test.nyc_taxi.not_null_fct_trips_pickup_at.444dea6a87
[0m05:13:36.956804 [debug] [Thread-3 (]: Writing runtime sql for node "test.nyc_taxi.not_null_fct_trips_pickup_at.444dea6a87"
[0m05:13:36.955692 [debug] [Thread-5 (]: Writing runtime sql for node "test.nyc_taxi.not_null_fct_trips_trip_key.d8abf8dacc"
[0m05:13:36.957347 [debug] [Thread-2 (]: Began executing node test.nyc_taxi.relationships_fct_trips_pickup_zone_id__zone_id__ref_dim_zones_.02c4c209b7
[0m05:13:36.958303 [debug] [Thread-2 (]: Writing runtime sql for node "test.nyc_taxi.relationships_fct_trips_pickup_zone_id__zone_id__ref_dim_zones_.02c4c209b7"
[0m05:13:36.957084 [debug] [Thread-4 (]: Began executing node test.nyc_taxi.not_null_fct_trips_total_amount.0e8ec5477d
[0m05:13:36.959667 [debug] [Thread-4 (]: Writing runtime sql for node "test.nyc_taxi.not_null_fct_trips_total_amount.0e8ec5477d"
[0m05:13:36.958691 [debug] [Thread-3 (]: Using snowflake connection "test.nyc_taxi.not_null_fct_trips_pickup_at.444dea6a87"
[0m05:13:36.960281 [debug] [Thread-3 (]: On test.nyc_taxi.not_null_fct_trips_pickup_at.444dea6a87: select
      count(*) as failures,
      count(*) != 0 as should_warn,
      count(*) != 0 as should_error
    from (
      
    
  
    
    



select pickup_at
from NYC_TAXI.ANALYTICS_marts.fct_trips
where pickup_at is null



  
  
      
    ) dbt_internal_test
/* {"app": "dbt", "dbt_version": "1.12.0", "profile_name": "nyc_taxi", "target_name": "dev", "node_id": "test.nyc_taxi.not_null_fct_trips_pickup_at.444dea6a87"} */
[0m05:13:36.960075 [debug] [Thread-5 (]: Using snowflake connection "test.nyc_taxi.not_null_fct_trips_trip_key.d8abf8dacc"
[0m05:13:36.961187 [debug] [Thread-5 (]: On test.nyc_taxi.not_null_fct_trips_trip_key.d8abf8dacc: select
      count(*) as failures,
      count(*) != 0 as should_warn,
      count(*) != 0 as should_error
    from (
      
    
  
    
    



select trip_key
from NYC_TAXI.ANALYTICS_marts.fct_trips
where trip_key is null



  
  
      
    ) dbt_internal_test
/* {"app": "dbt", "dbt_version": "1.12.0", "profile_name": "nyc_taxi", "target_name": "dev", "node_id": "test.nyc_taxi.not_null_fct_trips_trip_key.d8abf8dacc"} */
[0m05:13:36.961730 [debug] [Thread-5 (]: Opening a new connection, currently in state init
[0m05:13:36.961540 [debug] [Thread-4 (]: Using snowflake connection "test.nyc_taxi.not_null_fct_trips_total_amount.0e8ec5477d"
[0m05:13:36.961978 [debug] [Thread-4 (]: On test.nyc_taxi.not_null_fct_trips_total_amount.0e8ec5477d: select
      count(*) as failures,
      count(*) != 0 as should_warn,
      count(*) != 0 as should_error
    from (
      
    
  
    
    



select total_amount
from NYC_TAXI.ANALYTICS_marts.fct_trips
where total_amount is null



  
  
      
    ) dbt_internal_test
/* {"app": "dbt", "dbt_version": "1.12.0", "profile_name": "nyc_taxi", "target_name": "dev", "node_id": "test.nyc_taxi.not_null_fct_trips_total_amount.0e8ec5477d"} */
[0m05:13:36.960812 [debug] [Thread-2 (]: Using snowflake connection "test.nyc_taxi.relationships_fct_trips_pickup_zone_id__zone_id__ref_dim_zones_.02c4c209b7"
[0m05:13:36.962491 [debug] [Thread-2 (]: On test.nyc_taxi.relationships_fct_trips_pickup_zone_id__zone_id__ref_dim_zones_.02c4c209b7: select
      count(*) as failures,
      count(*) != 0 as should_warn,
      count(*) != 0 as should_error
    from (
      
    
  
    
    

with child as (
    select pickup_zone_id as from_field
    from NYC_TAXI.ANALYTICS_marts.fct_trips
    where pickup_zone_id is not null
),

parent as (
    select zone_id as to_field
    from NYC_TAXI.ANALYTICS_marts.dim_zones
)

select
    from_field

from child
left join parent
    on child.from_field = parent.to_field

where parent.to_field is null



  
  
      
    ) dbt_internal_test
/* {"app": "dbt", "dbt_version": "1.12.0", "profile_name": "nyc_taxi", "target_name": "dev", "node_id": "test.nyc_taxi.relationships_fct_trips_pickup_zone_id__zone_id__ref_dim_zones_.02c4c209b7"} */
[0m05:13:36.962262 [debug] [Thread-4 (]: Opening a new connection, currently in state init
[0m05:13:37.147930 [debug] [Thread-3 (]: SQL status: SUCCESS 1 in 0.187 seconds
[0m05:13:37.150226 [info ] [Thread-3 (]: 2 of 5 PASS not_null_fct_trips_pickup_at ....................................... [[32mPASS[0m in 0.23s]
[0m05:13:37.150557 [debug] [Thread-3 (]: Finished running node test.nyc_taxi.not_null_fct_trips_pickup_at.444dea6a87
[0m05:13:37.294488 [debug] [Thread-2 (]: SQL status: SUCCESS 1 in 0.332 seconds
[0m05:13:37.296505 [info ] [Thread-2 (]: 5 of 5 PASS relationships_fct_trips_pickup_zone_id__zone_id__ref_dim_zones_ .... [[32mPASS[0m in 0.37s]
[0m05:13:37.297074 [debug] [Thread-2 (]: Finished running node test.nyc_taxi.relationships_fct_trips_pickup_zone_id__zone_id__ref_dim_zones_.02c4c209b7
[0m05:13:37.519958 [debug] [Thread-5 (]: SQL status: SUCCESS 1 in 0.558 seconds
[0m05:13:37.525575 [info ] [Thread-5 (]: 4 of 5 PASS not_null_fct_trips_trip_key ........................................ [[32mPASS[0m in 0.62s]
[0m05:13:37.526637 [debug] [Thread-5 (]: Finished running node test.nyc_taxi.not_null_fct_trips_trip_key.d8abf8dacc
[0m05:13:37.591372 [debug] [Thread-4 (]: SQL status: SUCCESS 1 in 0.629 seconds
[0m05:13:37.594023 [info ] [Thread-4 (]: 3 of 5 PASS not_null_fct_trips_total_amount .................................... [[32mPASS[0m in 0.66s]
[0m05:13:37.594703 [debug] [Thread-4 (]: Finished running node test.nyc_taxi.not_null_fct_trips_total_amount.0e8ec5477d
[0m05:13:37.596281 [debug] [MainThread]: Connection 'master' was properly closed.
[0m05:13:37.596748 [debug] [MainThread]: Connection 'test.nyc_taxi.relationships_fct_trips_pickup_zone_id__zone_id__ref_dim_zones_.02c4c209b7' was left open.
[0m05:13:37.597105 [debug] [MainThread]: On test.nyc_taxi.relationships_fct_trips_pickup_zone_id__zone_id__ref_dim_zones_.02c4c209b7: Close
[0m05:13:37.762671 [debug] [MainThread]: Connection 'test.nyc_taxi.not_null_fct_trips_pickup_at.444dea6a87' was left open.
[0m05:13:37.763640 [debug] [MainThread]: On test.nyc_taxi.not_null_fct_trips_pickup_at.444dea6a87: Close
[0m05:13:37.941502 [debug] [MainThread]: Connection 'test.nyc_taxi.not_null_fct_trips_trip_key.d8abf8dacc' was left open.
[0m05:13:37.942435 [debug] [MainThread]: On test.nyc_taxi.not_null_fct_trips_trip_key.d8abf8dacc: Close
[0m05:13:38.063724 [debug] [MainThread]: Connection 'test.nyc_taxi.not_null_fct_trips_total_amount.0e8ec5477d' was left open.
[0m05:13:38.064759 [debug] [MainThread]: On test.nyc_taxi.not_null_fct_trips_total_amount.0e8ec5477d: Close
[0m05:13:38.231760 [info ] [MainThread]: 
[0m05:13:38.232822 [info ] [MainThread]: Finished running 1 incremental model, 4 data tests in 0 hours 0 minutes and 6.58 seconds (6.58s).
[0m05:13:38.234736 [debug] [MainThread]: Command end result
[0m05:13:38.274083 [debug] [MainThread]: Wrote artifact WritableManifest to /Users/prabhushankar/Documents/NYC_TLC/dbt/target/manifest.json
[0m05:13:38.276163 [debug] [MainThread]: Wrote artifact SemanticManifest to /Users/prabhushankar/Documents/NYC_TLC/dbt/target/semantic_manifest.json
[0m05:13:38.277936 [debug] [MainThread]: Wrote artifact OsiDocument to /Users/prabhushankar/Documents/NYC_TLC/dbt/target/osi_document.json
[0m05:13:38.282698 [debug] [MainThread]: Wrote artifact RunExecutionResult to /Users/prabhushankar/Documents/NYC_TLC/dbt/target/run_results.json
[0m05:13:38.282909 [info ] [MainThread]: 
[0m05:13:38.283135 [info ] [MainThread]: [32mCompleted successfully[0m
[0m05:13:38.283319 [info ] [MainThread]: 
[0m05:13:38.283517 [info ] [MainThread]: Done. PASS=5 WARN=0 ERROR=0 SKIP=0 NO-OP=0 REUSED=0 TOTAL=5
[0m05:13:38.285882 [debug] [MainThread]: Resource report: {"command_name": "build", "command_success": true, "command_wall_clock_time": 7.348659, "process_in_blocks": "0", "process_kernel_time": 0.289041, "process_mem_max_rss": "206127104", "process_out_blocks": "0", "process_user_time": 2.156617}
[0m05:13:38.286169 [debug] [MainThread]: Command `dbt build` succeeded at 05:13:38.286122 after 7.35 seconds
[0m05:13:38.286408 [debug] [MainThread]: Sending event: {'category': 'dbt', 'action': 'invocation', 'label': 'end', 'context': [<snowplow_tracker.self_describing_json.SelfDescribingJson object at 0x111345a90>, <snowplow_tracker.self_describing_json.SelfDescribingJson object at 0x1116bcec0>, <snowplow_tracker.self_describing_json.SelfDescribingJson object at 0x1116bcb50>]}
[0m05:13:38.286626 [debug] [MainThread]: Flushing usage events
[0m05:13:38.479038 [debug] [MainThread]: An error was encountered while trying to flush usage events
[0m05:14:05.729629 [debug] [MainThread]: Sending event: {'category': 'dbt', 'action': 'invocation', 'label': 'start', 'context': [<snowplow_tracker.self_describing_json.SelfDescribingJson object at 0x10b4106e0>, <snowplow_tracker.self_describing_json.SelfDescribingJson object at 0x10c982710>, <snowplow_tracker.self_describing_json.SelfDescribingJson object at 0x10c982990>]}


============================== 05:14:05.732948 | 1ac13dbb-29b2-4191-b78a-4659970d56d3 ==============================
[0m05:14:05.732948 [info ] [MainThread]: Running with dbt=1.12.0
[0m05:14:05.733281 [debug] [MainThread]: running dbt with arguments {'debug': 'False', 'fail_fast': 'False', 'version_check': 'True', 'write_json': 'True', 'no_print': 'None', 'log_path': '/Users/prabhushankar/Documents/NYC_TLC/dbt/logs', 'indirect_selection': 'eager', 'printer_width': '80', 'warn_error_options': 'WarnErrorOptionsV2(error=[], warn=[], silence=[])', 'invocation_command': 'dbt build -s fct_trips', 'empty': 'False', 'partial_parse': 'True', 'log_format': 'default', 'send_anonymous_usage_stats': 'True', 'target_path': 'None', 'introspect': 'True', 'warn_error': 'None', 'cache_selected_only': 'False', 'use_experimental_parser': 'False', 'profiles_dir': '/Users/prabhushankar/.dbt', 'maximum_seed_size_mib': '1', 'quiet': 'False', 'log_cache_events': 'False', 'hints_enabled': 'True', 'static_parser': 'True', 'use_colors': 'True'}
[0m05:14:05.993151 [debug] [MainThread]: Snowflake adapter: Setting snowflake.connector to ERROR (file logging only)
[0m05:14:05.993451 [debug] [MainThread]: Snowflake adapter: Setting botocore to ERROR (file logging only)
[0m05:14:05.993624 [debug] [MainThread]: Snowflake adapter: Setting boto3 to ERROR (file logging only)
[0m05:14:06.113259 [debug] [MainThread]: Sending event: {'category': 'dbt', 'action': 'project_id', 'label': '1ac13dbb-29b2-4191-b78a-4659970d56d3', 'context': [<snowplow_tracker.self_describing_json.SelfDescribingJson object at 0x10e9ea8b0>]}
[0m05:14:06.143008 [debug] [MainThread]: Sending event: {'category': 'dbt', 'action': 'adapter_info', 'label': '1ac13dbb-29b2-4191-b78a-4659970d56d3', 'context': [<snowplow_tracker.self_describing_json.SelfDescribingJson object at 0x1094839b0>]}
[0m05:14:06.143601 [info ] [MainThread]: Registered adapter: snowflake=1.12.0
[0m05:14:06.208663 [debug] [MainThread]: checksum: d266517bde050d9204aee05e09a0f60d0aff1ba26c776ccef1af446d5bccf069, vars: {}, profile: nyc_taxi, target: dev, version: 1.12.0
[0m05:14:06.297504 [debug] [MainThread]: Partial parsing enabled: 0 files deleted, 0 files added, 0 files changed.
[0m05:14:06.297722 [debug] [MainThread]: Nothing changed, skipping partial parsing.
[0m05:14:06.297872 [debug] [MainThread]: Partial parsing enabled, no changes found, skipping parsing
[0m05:14:06.302820 [debug] [MainThread]: Sending event: {'category': 'dbt', 'action': 'load_project', 'label': '1ac13dbb-29b2-4191-b78a-4659970d56d3', 'context': [<snowplow_tracker.self_describing_json.SelfDescribingJson object at 0x10f3d8e50>]}
[0m05:14:06.378562 [debug] [MainThread]: Wrote artifact WritableManifest to /Users/prabhushankar/Documents/NYC_TLC/dbt/target/manifest.json
[0m05:14:06.380576 [debug] [MainThread]: Wrote artifact SemanticManifest to /Users/prabhushankar/Documents/NYC_TLC/dbt/target/semantic_manifest.json
[0m05:14:06.393683 [debug] [MainThread]: Wrote artifact OsiDocument to /Users/prabhushankar/Documents/NYC_TLC/dbt/target/osi_document.json
[0m05:14:06.407925 [debug] [MainThread]: Sending event: {'category': 'dbt', 'action': 'resource_counts', 'label': '1ac13dbb-29b2-4191-b78a-4659970d56d3', 'context': [<snowplow_tracker.self_describing_json.SelfDescribingJson object at 0x10f5172f0>]}
[0m05:14:06.408170 [info ] [MainThread]: Found 4 models, 7 data tests, 2 sources, 545 macros
[0m05:14:06.409237 [info ] [MainThread]: 
[0m05:14:06.409435 [info ] [MainThread]: Concurrency: 4 threads (target='dev')
[0m05:14:06.409596 [info ] [MainThread]: 
[0m05:14:06.409885 [debug] [MainThread]: Acquiring new snowflake connection 'master'
[0m05:14:06.410333 [debug] [ThreadPool]: Acquiring new snowflake connection 'list_NYC_TAXI'
[0m05:14:06.418634 [debug] [ThreadPool]: Using snowflake connection "list_NYC_TAXI"
[0m05:14:06.418818 [debug] [ThreadPool]: On list_NYC_TAXI: show terse schemas in database NYC_TAXI
    limit 10000
/* {"app": "dbt", "dbt_version": "1.12.0", "profile_name": "nyc_taxi", "target_name": "dev", "connection_name": "list_NYC_TAXI"} */
[0m05:14:06.418980 [debug] [ThreadPool]: Opening a new connection, currently in state init
[0m05:14:07.099570 [debug] [ThreadPool]: SQL status: SUCCESS 5 in 0.680 seconds
[0m05:14:07.111327 [debug] [ThreadPool]: Re-using an available connection from the pool (formerly list_NYC_TAXI, now list_NYC_TAXI_ANALYTICS_staging)
[0m05:14:07.118465 [debug] [ThreadPool]: Acquiring new snowflake connection 'list_NYC_TAXI_ANALYTICS_marts'
[0m05:14:07.127159 [debug] [ThreadPool]: Using snowflake connection "list_NYC_TAXI_ANALYTICS_marts"
[0m05:14:07.125877 [debug] [ThreadPool]: Using snowflake connection "list_NYC_TAXI_ANALYTICS_staging"
[0m05:14:07.127734 [debug] [ThreadPool]: On list_NYC_TAXI_ANALYTICS_staging: show objects in NYC_TAXI.ANALYTICS_staging
    limit 10000
    

/* {"app": "dbt", "dbt_version": "1.12.0", "profile_name": "nyc_taxi", "target_name": "dev", "connection_name": "list_NYC_TAXI_ANALYTICS_staging"} */;
[0m05:14:07.127466 [debug] [ThreadPool]: On list_NYC_TAXI_ANALYTICS_marts: show objects in NYC_TAXI.ANALYTICS_marts
    limit 10000
    

/* {"app": "dbt", "dbt_version": "1.12.0", "profile_name": "nyc_taxi", "target_name": "dev", "connection_name": "list_NYC_TAXI_ANALYTICS_marts"} */;
[0m05:14:07.128258 [debug] [ThreadPool]: Opening a new connection, currently in state init
[0m05:14:07.344636 [debug] [ThreadPool]: SQL status: SUCCESS 3 in 0.217 seconds
[0m05:14:07.348973 [debug] [ThreadPool]: Using snowflake connection "list_NYC_TAXI_ANALYTICS_staging"
[0m05:14:07.349226 [debug] [ThreadPool]: On list_NYC_TAXI_ANALYTICS_staging: show user functions in NYC_TAXI.ANALYTICS_staging
/* {"app": "dbt", "dbt_version": "1.12.0", "profile_name": "nyc_taxi", "target_name": "dev", "connection_name": "list_NYC_TAXI_ANALYTICS_staging"} */
[0m05:14:07.470333 [debug] [ThreadPool]: SQL status: SUCCESS 0 in 0.121 seconds
[0m05:14:07.686743 [debug] [ThreadPool]: SQL status: SUCCESS 2 in 0.558 seconds
[0m05:14:07.692255 [debug] [ThreadPool]: Using snowflake connection "list_NYC_TAXI_ANALYTICS_marts"
[0m05:14:07.692876 [debug] [ThreadPool]: On list_NYC_TAXI_ANALYTICS_marts: show user functions in NYC_TAXI.ANALYTICS_marts
/* {"app": "dbt", "dbt_version": "1.12.0", "profile_name": "nyc_taxi", "target_name": "dev", "connection_name": "list_NYC_TAXI_ANALYTICS_marts"} */
[0m05:14:07.822640 [debug] [ThreadPool]: SQL status: SUCCESS 0 in 0.129 seconds
[0m05:14:07.827111 [debug] [MainThread]: Sending event: {'category': 'dbt', 'action': 'runnable_timing', 'label': '1ac13dbb-29b2-4191-b78a-4659970d56d3', 'context': [<snowplow_tracker.self_describing_json.SelfDescribingJson object at 0x10f57b4d0>]}
[0m05:14:07.831192 [debug] [Thread-2 (]: Began running node model.nyc_taxi.fct_trips
[0m05:14:07.831962 [info ] [Thread-2 (]: 1 of 5 START sql incremental model ANALYTICS_marts.fct_trips ................... [RUN]
[0m05:14:07.832633 [debug] [Thread-2 (]: Re-using an available connection from the pool (formerly list_NYC_TAXI_ANALYTICS_staging, now model.nyc_taxi.fct_trips)
[0m05:14:07.833148 [debug] [Thread-2 (]: Began compiling node model.nyc_taxi.fct_trips
[0m05:14:07.847875 [debug] [Thread-2 (]: Writing injected SQL for node "model.nyc_taxi.fct_trips"
[0m05:14:07.848542 [debug] [Thread-2 (]: Began executing node model.nyc_taxi.fct_trips
[0m05:14:07.896462 [debug] [Thread-2 (]: Using snowflake connection "model.nyc_taxi.fct_trips"
[0m05:14:07.896793 [debug] [Thread-2 (]: On model.nyc_taxi.fct_trips: create or replace temporary table NYC_TAXI.ANALYTICS_marts.fct_trips__dbt_tmp
as (
    


with trips as (

    select * from NYC_TAXI.ANALYTICS_staging.stg_yellow_trips
    
    where _loaded_at > (
        select coalesce(max(_loaded_at), '1900-01-01'::timestamp_ltz)
        from NYC_TAXI.ANALYTICS_marts.fct_trips
    )
    

),

zones as (

    select * from NYC_TAXI.ANALYTICS_marts.dim_zones

)

select
    -- surrogate key
    md5(
        t.vendor_id || '|' || t.pickup_at || '|' || t.dropoff_at || '|'
        || t.pickup_zone_id || '|' || t.total_amount
    )                                             as trip_key,

    -- grain / time
    t.pickup_at,
    t.dropoff_at,
    t.pickup_at::date                             as pickup_date,
    hour(t.pickup_at)                             as pickup_hour,
    dayname(t.pickup_at)                          as pickup_day_name,
    iff(dayofweek(t.pickup_at) in (0, 6), true, false) as is_weekend,

    -- geography
    t.pickup_zone_id,
    pu.borough                                    as pickup_borough,
    pu.zone_name                                  as pickup_zone,
    t.dropoff_zone_id,
    do.borough                                    as dropoff_borough,
    do.zone_name                                  as dropoff_zone,
    iff(pu.borough = do.borough, true, false)     as is_intra_borough,

    -- trip facts
    t.passenger_count,
    t.trip_distance_miles,
    t.trip_duration_seconds,
    round(t.trip_duration_seconds / 60.0, 2)      as trip_duration_minutes,
    round(
        t.trip_distance_miles / nullif(t.trip_duration_seconds / 3600.0, 0), 2
    )                                             as avg_speed_mph,

    -- money
    t.fare_amount,
    t.tip_amount,
    t.tolls_amount,
    t.congestion_surcharge,
    t.airport_fee,
    t.total_amount,
    round(t.tip_amount / nullif(t.fare_amount, 0) * 100, 2) as tip_pct_of_fare,

    -- descriptors
    case t.payment_type
        when 1 then 'Credit card'
        when 2 then 'Cash'
        when 3 then 'No charge'
        when 4 then 'Dispute'
        when 5 then 'Unknown'
        when 6 then 'Voided trip'
        else 'Unmapped'
    end                                           as payment_method,

    case t.rate_code_id
        when 1 then 'Standard'
        when 2 then 'JFK'
        when 3 then 'Newark'
        when 4 then 'Nassau/Westchester'
        when 5 then 'Negotiated'
        when 6 then 'Group ride'
        else 'Unknown'
    end                                           as rate_type,

    t._source_file,
    t._loaded_at

from trips t
left join zones pu on t.pickup_zone_id  = pu.zone_id
left join zones do on t.dropoff_zone_id = do.zone_id
    )

/* {"app": "dbt", "dbt_version": "1.12.0", "profile_name": "nyc_taxi", "target_name": "dev", "node_id": "model.nyc_taxi.fct_trips"} */;
[0m05:14:09.215321 [debug] [Thread-2 (]: SQL status: SUCCESS 1 in 1.318 seconds
[0m05:14:09.230525 [debug] [Thread-2 (]: Using snowflake connection "model.nyc_taxi.fct_trips"
[0m05:14:09.231322 [debug] [Thread-2 (]: On model.nyc_taxi.fct_trips: describe table NYC_TAXI.ANALYTICS_marts.fct_trips__dbt_tmp
/* {"app": "dbt", "dbt_version": "1.12.0", "profile_name": "nyc_taxi", "target_name": "dev", "node_id": "model.nyc_taxi.fct_trips"} */
[0m05:14:10.392993 [debug] [Thread-2 (]: SQL status: SUCCESS 30 in 1.161 seconds
[0m05:14:10.396181 [debug] [Thread-2 (]: Using snowflake connection "model.nyc_taxi.fct_trips"
[0m05:14:10.396473 [debug] [Thread-2 (]: On model.nyc_taxi.fct_trips: describe table NYC_TAXI.ANALYTICS_marts.fct_trips
/* {"app": "dbt", "dbt_version": "1.12.0", "profile_name": "nyc_taxi", "target_name": "dev", "node_id": "model.nyc_taxi.fct_trips"} */
[0m05:14:10.511796 [debug] [Thread-2 (]: SQL status: SUCCESS 30 in 0.115 seconds
[0m05:14:10.524549 [debug] [Thread-2 (]: Using snowflake connection "model.nyc_taxi.fct_trips"
[0m05:14:10.524949 [debug] [Thread-2 (]: On model.nyc_taxi.fct_trips: describe table "NYC_TAXI"."ANALYTICS_MARTS"."FCT_TRIPS"
/* {"app": "dbt", "dbt_version": "1.12.0", "profile_name": "nyc_taxi", "target_name": "dev", "node_id": "model.nyc_taxi.fct_trips"} */
[0m05:14:10.639540 [debug] [Thread-2 (]: SQL status: SUCCESS 30 in 0.114 seconds
[0m05:14:10.664001 [debug] [Thread-2 (]: Writing runtime sql for node "model.nyc_taxi.fct_trips"
[0m05:14:10.665591 [debug] [Thread-2 (]: Using snowflake connection "model.nyc_taxi.fct_trips"
[0m05:14:10.665908 [debug] [Thread-2 (]: On model.nyc_taxi.fct_trips: BEGIN
/* {"app": "dbt", "dbt_version": "1.12.0", "profile_name": "nyc_taxi", "target_name": "dev", "node_id": "model.nyc_taxi.fct_trips"} */
[0m05:14:10.807938 [debug] [Thread-2 (]: SQL status: SUCCESS 1 in 0.141 seconds
[0m05:14:10.809490 [debug] [Thread-2 (]: Using snowflake connection "model.nyc_taxi.fct_trips"
[0m05:14:10.810512 [debug] [Thread-2 (]: On model.nyc_taxi.fct_trips: delete from NYC_TAXI.ANALYTICS_marts.fct_trips as DBT_INTERNAL_DEST
        where (_source_file) in (
            select distinct _source_file
            from NYC_TAXI.ANALYTICS_marts.fct_trips__dbt_tmp as DBT_INTERNAL_SOURCE
        )
/* {"app": "dbt", "dbt_version": "1.12.0", "profile_name": "nyc_taxi", "target_name": "dev", "node_id": "model.nyc_taxi.fct_trips"} */;
[0m05:14:11.161962 [debug] [Thread-2 (]: SQL status: SUCCESS 0 in 0.351 seconds
[0m05:14:11.163056 [debug] [Thread-2 (]: Using snowflake connection "model.nyc_taxi.fct_trips"
[0m05:14:11.163767 [debug] [Thread-2 (]: On model.nyc_taxi.fct_trips: insert into NYC_TAXI.ANALYTICS_marts.fct_trips ("TRIP_KEY", "PICKUP_AT", "DROPOFF_AT", "PICKUP_DATE", "PICKUP_HOUR", "PICKUP_DAY_NAME", "IS_WEEKEND", "PICKUP_ZONE_ID", "PICKUP_BOROUGH", "PICKUP_ZONE", "DROPOFF_ZONE_ID", "DROPOFF_BOROUGH", "DROPOFF_ZONE", "IS_INTRA_BOROUGH", "PASSENGER_COUNT", "TRIP_DISTANCE_MILES", "TRIP_DURATION_SECONDS", "TRIP_DURATION_MINUTES", "AVG_SPEED_MPH", "FARE_AMOUNT", "TIP_AMOUNT", "TOLLS_AMOUNT", "CONGESTION_SURCHARGE", "AIRPORT_FEE", "TOTAL_AMOUNT", "TIP_PCT_OF_FARE", "PAYMENT_METHOD", "RATE_TYPE", "_SOURCE_FILE", "_LOADED_AT")
    (
        select "TRIP_KEY", "PICKUP_AT", "DROPOFF_AT", "PICKUP_DATE", "PICKUP_HOUR", "PICKUP_DAY_NAME", "IS_WEEKEND", "PICKUP_ZONE_ID", "PICKUP_BOROUGH", "PICKUP_ZONE", "DROPOFF_ZONE_ID", "DROPOFF_BOROUGH", "DROPOFF_ZONE", "IS_INTRA_BOROUGH", "PASSENGER_COUNT", "TRIP_DISTANCE_MILES", "TRIP_DURATION_SECONDS", "TRIP_DURATION_MINUTES", "AVG_SPEED_MPH", "FARE_AMOUNT", "TIP_AMOUNT", "TOLLS_AMOUNT", "CONGESTION_SURCHARGE", "AIRPORT_FEE", "TOTAL_AMOUNT", "TIP_PCT_OF_FARE", "PAYMENT_METHOD", "RATE_TYPE", "_SOURCE_FILE", "_LOADED_AT"
        from NYC_TAXI.ANALYTICS_marts.fct_trips__dbt_tmp
    )
/* {"app": "dbt", "dbt_version": "1.12.0", "profile_name": "nyc_taxi", "target_name": "dev", "node_id": "model.nyc_taxi.fct_trips"} */;
[0m05:14:11.510982 [debug] [Thread-2 (]: SQL status: SUCCESS 0 in 0.346 seconds
[0m05:14:11.512210 [debug] [Thread-2 (]: Using snowflake connection "model.nyc_taxi.fct_trips"
[0m05:14:11.512772 [debug] [Thread-2 (]: On model.nyc_taxi.fct_trips: COMMIT
/* {"app": "dbt", "dbt_version": "1.12.0", "profile_name": "nyc_taxi", "target_name": "dev", "node_id": "model.nyc_taxi.fct_trips"} */
[0m05:14:11.687634 [debug] [Thread-2 (]: SQL status: SUCCESS 1 in 0.174 seconds
[0m05:14:11.699760 [debug] [Thread-2 (]: Applying DROP to: NYC_TAXI.ANALYTICS_marts.fct_trips__dbt_tmp
[0m05:14:11.708227 [debug] [Thread-2 (]: Using snowflake connection "model.nyc_taxi.fct_trips"
[0m05:14:11.708634 [debug] [Thread-2 (]: On model.nyc_taxi.fct_trips: drop table if exists NYC_TAXI.ANALYTICS_marts.fct_trips__dbt_tmp cascade
/* {"app": "dbt", "dbt_version": "1.12.0", "profile_name": "nyc_taxi", "target_name": "dev", "node_id": "model.nyc_taxi.fct_trips"} */
[0m05:14:11.924844 [debug] [Thread-2 (]: SQL status: SUCCESS 1 in 0.216 seconds
[0m05:14:11.957495 [debug] [Thread-2 (]: Sending event: {'category': 'dbt', 'action': 'run_model', 'label': '1ac13dbb-29b2-4191-b78a-4659970d56d3', 'context': [<snowplow_tracker.self_describing_json.SelfDescribingJson object at 0x113a39090>]}
[0m05:14:11.958204 [info ] [Thread-2 (]: 1 of 5 OK created sql incremental model ANALYTICS_marts.fct_trips .............. [[32mSUCCESS 0[0m in 4.12s]
[0m05:14:11.958725 [debug] [Thread-2 (]: Finished running node model.nyc_taxi.fct_trips
[0m05:14:11.959645 [debug] [Thread-3 (]: Began running node test.nyc_taxi.not_null_fct_trips_pickup_at.444dea6a87
[0m05:14:11.960877 [info ] [Thread-3 (]: 2 of 5 START test not_null_fct_trips_pickup_at ................................. [RUN]
[0m05:14:11.961250 [debug] [Thread-3 (]: Re-using an available connection from the pool (formerly list_NYC_TAXI_ANALYTICS_marts, now test.nyc_taxi.not_null_fct_trips_pickup_at.444dea6a87)
[0m05:14:11.961553 [debug] [Thread-3 (]: Began compiling node test.nyc_taxi.not_null_fct_trips_pickup_at.444dea6a87
[0m05:14:11.960020 [debug] [Thread-4 (]: Began running node test.nyc_taxi.not_null_fct_trips_total_amount.0e8ec5477d
[0m05:14:11.960310 [debug] [Thread-2 (]: Began running node test.nyc_taxi.relationships_fct_trips_pickup_zone_id__zone_id__ref_dim_zones_.02c4c209b7
[0m05:14:11.960584 [debug] [Thread-5 (]: Began running node test.nyc_taxi.not_null_fct_trips_trip_key.d8abf8dacc
[0m05:14:11.974048 [info ] [Thread-5 (]: 4 of 5 START test not_null_fct_trips_trip_key .................................. [RUN]
[0m05:14:11.974493 [debug] [Thread-5 (]: Acquiring new snowflake connection 'test.nyc_taxi.not_null_fct_trips_trip_key.d8abf8dacc'
[0m05:14:11.974748 [debug] [Thread-5 (]: Began compiling node test.nyc_taxi.not_null_fct_trips_trip_key.d8abf8dacc
[0m05:14:11.973131 [debug] [Thread-3 (]: Writing injected SQL for node "test.nyc_taxi.not_null_fct_trips_pickup_at.444dea6a87"
[0m05:14:11.973440 [info ] [Thread-4 (]: 3 of 5 START test not_null_fct_trips_total_amount .............................. [RUN]
[0m05:14:11.973761 [info ] [Thread-2 (]: 5 of 5 START test relationships_fct_trips_pickup_zone_id__zone_id__ref_dim_zones_  [RUN]
[0m05:14:11.980611 [debug] [Thread-2 (]: Re-using an available connection from the pool (formerly model.nyc_taxi.fct_trips, now test.nyc_taxi.relationships_fct_trips_pickup_zone_id__zone_id__ref_dim_zones_.02c4c209b7)
[0m05:14:11.980886 [debug] [Thread-2 (]: Began compiling node test.nyc_taxi.relationships_fct_trips_pickup_zone_id__zone_id__ref_dim_zones_.02c4c209b7
[0m05:14:11.979881 [debug] [Thread-5 (]: Writing injected SQL for node "test.nyc_taxi.not_null_fct_trips_trip_key.d8abf8dacc"
[0m05:14:11.980320 [debug] [Thread-4 (]: Acquiring new snowflake connection 'test.nyc_taxi.not_null_fct_trips_total_amount.0e8ec5477d'
[0m05:14:11.992230 [debug] [Thread-4 (]: Began compiling node test.nyc_taxi.not_null_fct_trips_total_amount.0e8ec5477d
[0m05:14:11.995869 [debug] [Thread-4 (]: Writing injected SQL for node "test.nyc_taxi.not_null_fct_trips_total_amount.0e8ec5477d"
[0m05:14:11.991718 [debug] [Thread-2 (]: Writing injected SQL for node "test.nyc_taxi.relationships_fct_trips_pickup_zone_id__zone_id__ref_dim_zones_.02c4c209b7"
[0m05:14:11.991982 [debug] [Thread-3 (]: Began executing node test.nyc_taxi.not_null_fct_trips_pickup_at.444dea6a87
[0m05:14:12.007574 [debug] [Thread-3 (]: Writing runtime sql for node "test.nyc_taxi.not_null_fct_trips_pickup_at.444dea6a87"
[0m05:14:12.008060 [debug] [Thread-2 (]: Began executing node test.nyc_taxi.relationships_fct_trips_pickup_zone_id__zone_id__ref_dim_zones_.02c4c209b7
[0m05:14:12.009121 [debug] [Thread-2 (]: Writing runtime sql for node "test.nyc_taxi.relationships_fct_trips_pickup_zone_id__zone_id__ref_dim_zones_.02c4c209b7"
[0m05:14:12.007834 [debug] [Thread-5 (]: Began executing node test.nyc_taxi.not_null_fct_trips_trip_key.d8abf8dacc
[0m05:14:12.010268 [debug] [Thread-5 (]: Writing runtime sql for node "test.nyc_taxi.not_null_fct_trips_trip_key.d8abf8dacc"
[0m05:14:12.009321 [debug] [Thread-4 (]: Began executing node test.nyc_taxi.not_null_fct_trips_total_amount.0e8ec5477d
[0m05:14:12.011641 [debug] [Thread-4 (]: Writing runtime sql for node "test.nyc_taxi.not_null_fct_trips_total_amount.0e8ec5477d"
[0m05:14:12.010690 [debug] [Thread-3 (]: Using snowflake connection "test.nyc_taxi.not_null_fct_trips_pickup_at.444dea6a87"
[0m05:14:12.011913 [debug] [Thread-3 (]: On test.nyc_taxi.not_null_fct_trips_pickup_at.444dea6a87: select
      count(*) as failures,
      count(*) != 0 as should_warn,
      count(*) != 0 as should_error
    from (
      
    
  
    
    



select pickup_at
from NYC_TAXI.ANALYTICS_marts.fct_trips
where pickup_at is null



  
  
      
    ) dbt_internal_test
/* {"app": "dbt", "dbt_version": "1.12.0", "profile_name": "nyc_taxi", "target_name": "dev", "node_id": "test.nyc_taxi.not_null_fct_trips_pickup_at.444dea6a87"} */
[0m05:14:12.012261 [debug] [Thread-5 (]: Using snowflake connection "test.nyc_taxi.not_null_fct_trips_trip_key.d8abf8dacc"
[0m05:14:12.013103 [debug] [Thread-5 (]: On test.nyc_taxi.not_null_fct_trips_trip_key.d8abf8dacc: select
      count(*) as failures,
      count(*) != 0 as should_warn,
      count(*) != 0 as should_error
    from (
      
    
  
    
    



select trip_key
from NYC_TAXI.ANALYTICS_marts.fct_trips
where trip_key is null



  
  
      
    ) dbt_internal_test
/* {"app": "dbt", "dbt_version": "1.12.0", "profile_name": "nyc_taxi", "target_name": "dev", "node_id": "test.nyc_taxi.not_null_fct_trips_trip_key.d8abf8dacc"} */
[0m05:14:12.013633 [debug] [Thread-5 (]: Opening a new connection, currently in state init
[0m05:14:12.013451 [debug] [Thread-4 (]: Using snowflake connection "test.nyc_taxi.not_null_fct_trips_total_amount.0e8ec5477d"
[0m05:14:12.012745 [debug] [Thread-2 (]: Using snowflake connection "test.nyc_taxi.relationships_fct_trips_pickup_zone_id__zone_id__ref_dim_zones_.02c4c209b7"
[0m05:14:12.014211 [debug] [Thread-2 (]: On test.nyc_taxi.relationships_fct_trips_pickup_zone_id__zone_id__ref_dim_zones_.02c4c209b7: select
      count(*) as failures,
      count(*) != 0 as should_warn,
      count(*) != 0 as should_error
    from (
      
    
  
    
    

with child as (
    select pickup_zone_id as from_field
    from NYC_TAXI.ANALYTICS_marts.fct_trips
    where pickup_zone_id is not null
),

parent as (
    select zone_id as to_field
    from NYC_TAXI.ANALYTICS_marts.dim_zones
)

select
    from_field

from child
left join parent
    on child.from_field = parent.to_field

where parent.to_field is null



  
  
      
    ) dbt_internal_test
/* {"app": "dbt", "dbt_version": "1.12.0", "profile_name": "nyc_taxi", "target_name": "dev", "node_id": "test.nyc_taxi.relationships_fct_trips_pickup_zone_id__zone_id__ref_dim_zones_.02c4c209b7"} */
[0m05:14:12.013973 [debug] [Thread-4 (]: On test.nyc_taxi.not_null_fct_trips_total_amount.0e8ec5477d: select
      count(*) as failures,
      count(*) != 0 as should_warn,
      count(*) != 0 as should_error
    from (
      
    
  
    
    



select total_amount
from NYC_TAXI.ANALYTICS_marts.fct_trips
where total_amount is null



  
  
      
    ) dbt_internal_test
/* {"app": "dbt", "dbt_version": "1.12.0", "profile_name": "nyc_taxi", "target_name": "dev", "node_id": "test.nyc_taxi.not_null_fct_trips_total_amount.0e8ec5477d"} */
[0m05:14:12.014689 [debug] [Thread-4 (]: Opening a new connection, currently in state init
[0m05:14:12.246440 [debug] [Thread-3 (]: SQL status: SUCCESS 1 in 0.233 seconds
[0m05:14:12.248760 [info ] [Thread-3 (]: 2 of 5 PASS not_null_fct_trips_pickup_at ....................................... [[32mPASS[0m in 0.29s]
[0m05:14:12.249079 [debug] [Thread-3 (]: Finished running node test.nyc_taxi.not_null_fct_trips_pickup_at.444dea6a87
[0m05:14:12.288913 [debug] [Thread-2 (]: SQL status: SUCCESS 1 in 0.274 seconds
[0m05:14:12.290103 [info ] [Thread-2 (]: 5 of 5 PASS relationships_fct_trips_pickup_zone_id__zone_id__ref_dim_zones_ .... [[32mPASS[0m in 0.31s]
[0m05:14:12.290430 [debug] [Thread-2 (]: Finished running node test.nyc_taxi.relationships_fct_trips_pickup_zone_id__zone_id__ref_dim_zones_.02c4c209b7
[0m05:14:12.590721 [debug] [Thread-5 (]: SQL status: SUCCESS 1 in 0.576 seconds
[0m05:14:12.595401 [info ] [Thread-5 (]: 4 of 5 PASS not_null_fct_trips_trip_key ........................................ [[32mPASS[0m in 0.62s]
[0m05:14:12.596349 [debug] [Thread-5 (]: Finished running node test.nyc_taxi.not_null_fct_trips_trip_key.d8abf8dacc
[0m05:14:12.611141 [debug] [Thread-4 (]: SQL status: SUCCESS 1 in 0.596 seconds
[0m05:14:12.613876 [info ] [Thread-4 (]: 3 of 5 PASS not_null_fct_trips_total_amount .................................... [[32mPASS[0m in 0.63s]
[0m05:14:12.614646 [debug] [Thread-4 (]: Finished running node test.nyc_taxi.not_null_fct_trips_total_amount.0e8ec5477d
[0m05:14:12.616454 [debug] [MainThread]: Connection 'master' was properly closed.
[0m05:14:12.616812 [debug] [MainThread]: Connection 'test.nyc_taxi.relationships_fct_trips_pickup_zone_id__zone_id__ref_dim_zones_.02c4c209b7' was left open.
[0m05:14:12.617161 [debug] [MainThread]: On test.nyc_taxi.relationships_fct_trips_pickup_zone_id__zone_id__ref_dim_zones_.02c4c209b7: Close
[0m05:14:12.784801 [debug] [MainThread]: Connection 'test.nyc_taxi.not_null_fct_trips_pickup_at.444dea6a87' was left open.
[0m05:14:12.785856 [debug] [MainThread]: On test.nyc_taxi.not_null_fct_trips_pickup_at.444dea6a87: Close
[0m05:14:12.937387 [debug] [MainThread]: Connection 'test.nyc_taxi.not_null_fct_trips_trip_key.d8abf8dacc' was left open.
[0m05:14:12.938284 [debug] [MainThread]: On test.nyc_taxi.not_null_fct_trips_trip_key.d8abf8dacc: Close
[0m05:14:13.069265 [debug] [MainThread]: Connection 'test.nyc_taxi.not_null_fct_trips_total_amount.0e8ec5477d' was left open.
[0m05:14:13.070103 [debug] [MainThread]: On test.nyc_taxi.not_null_fct_trips_total_amount.0e8ec5477d: Close
[0m05:14:13.225994 [info ] [MainThread]: 
[0m05:14:13.227109 [info ] [MainThread]: Finished running 1 incremental model, 4 data tests in 0 hours 0 minutes and 6.82 seconds (6.82s).
[0m05:14:13.229564 [debug] [MainThread]: Command end result
[0m05:14:13.274024 [debug] [MainThread]: Wrote artifact WritableManifest to /Users/prabhushankar/Documents/NYC_TLC/dbt/target/manifest.json
[0m05:14:13.276190 [debug] [MainThread]: Wrote artifact SemanticManifest to /Users/prabhushankar/Documents/NYC_TLC/dbt/target/semantic_manifest.json
[0m05:14:13.278043 [debug] [MainThread]: Wrote artifact OsiDocument to /Users/prabhushankar/Documents/NYC_TLC/dbt/target/osi_document.json
[0m05:14:13.283208 [debug] [MainThread]: Wrote artifact RunExecutionResult to /Users/prabhushankar/Documents/NYC_TLC/dbt/target/run_results.json
[0m05:14:13.283431 [info ] [MainThread]: 
[0m05:14:13.283663 [info ] [MainThread]: [32mCompleted successfully[0m
[0m05:14:13.283850 [info ] [MainThread]: 
[0m05:14:13.284055 [info ] [MainThread]: Done. PASS=5 WARN=0 ERROR=0 SKIP=0 NO-OP=0 REUSED=0 TOTAL=5
[0m05:14:13.286402 [debug] [MainThread]: Resource report: {"command_name": "build", "command_success": true, "command_wall_clock_time": 7.6093955, "process_in_blocks": "0", "process_kernel_time": 0.316295, "process_mem_max_rss": "202784768", "process_out_blocks": "0", "process_user_time": 2.128817}
[0m05:14:13.286689 [debug] [MainThread]: Command `dbt build` succeeded at 05:14:13.286642 after 7.61 seconds
[0m05:14:13.286925 [debug] [MainThread]: Sending event: {'category': 'dbt', 'action': 'invocation', 'label': 'end', 'context': [<snowplow_tracker.self_describing_json.SelfDescribingJson object at 0x10f71c590>, <snowplow_tracker.self_describing_json.SelfDescribingJson object at 0x113accec0>, <snowplow_tracker.self_describing_json.SelfDescribingJson object at 0x113accb50>]}
[0m05:14:13.287140 [debug] [MainThread]: Flushing usage events
[0m05:14:13.480101 [debug] [MainThread]: An error was encountered while trying to flush usage events
[0m05:15:55.170292 [debug] [MainThread]: Sending event: {'category': 'dbt', 'action': 'invocation', 'label': 'start', 'context': [<snowplow_tracker.self_describing_json.SelfDescribingJson object at 0x10ce7c6e0>, <snowplow_tracker.self_describing_json.SelfDescribingJson object at 0x10e3ee710>, <snowplow_tracker.self_describing_json.SelfDescribingJson object at 0x10e3ee990>]}


============================== 05:15:55.173497 | e5272254-e262-4cb1-86ac-a45f1077a36d ==============================
[0m05:15:55.173497 [info ] [MainThread]: Running with dbt=1.12.0
[0m05:15:55.173833 [debug] [MainThread]: running dbt with arguments {'write_json': 'True', 'fail_fast': 'False', 'use_colors': 'True', 'invocation_command': 'dbt build -s fct_trips', 'printer_width': '80', 'indirect_selection': 'eager', 'no_print': 'None', 'quiet': 'False', 'partial_parse': 'True', 'log_format': 'default', 'warn_error_options': 'WarnErrorOptionsV2(error=[], warn=[], silence=[])', 'debug': 'False', 'static_parser': 'True', 'warn_error': 'None', 'introspect': 'True', 'cache_selected_only': 'False', 'maximum_seed_size_mib': '1', 'use_experimental_parser': 'False', 'hints_enabled': 'True', 'version_check': 'True', 'send_anonymous_usage_stats': 'True', 'log_path': '/Users/prabhushankar/Documents/NYC_TLC/dbt/logs', 'profiles_dir': '/Users/prabhushankar/.dbt', 'target_path': 'None', 'empty': 'False', 'log_cache_events': 'False'}
[0m05:15:55.396962 [debug] [MainThread]: Snowflake adapter: Setting snowflake.connector to ERROR (file logging only)
[0m05:15:55.397255 [debug] [MainThread]: Snowflake adapter: Setting botocore to ERROR (file logging only)
[0m05:15:55.397426 [debug] [MainThread]: Snowflake adapter: Setting boto3 to ERROR (file logging only)
[0m05:15:55.516349 [debug] [MainThread]: Sending event: {'category': 'dbt', 'action': 'project_id', 'label': 'e5272254-e262-4cb1-86ac-a45f1077a36d', 'context': [<snowplow_tracker.self_describing_json.SelfDescribingJson object at 0x11042a8b0>]}
[0m05:15:55.546228 [debug] [MainThread]: Sending event: {'category': 'dbt', 'action': 'adapter_info', 'label': 'e5272254-e262-4cb1-86ac-a45f1077a36d', 'context': [<snowplow_tracker.self_describing_json.SelfDescribingJson object at 0x10af139b0>]}
[0m05:15:55.546847 [info ] [MainThread]: Registered adapter: snowflake=1.12.0
[0m05:15:55.608291 [debug] [MainThread]: checksum: d266517bde050d9204aee05e09a0f60d0aff1ba26c776ccef1af446d5bccf069, vars: {}, profile: nyc_taxi, target: dev, version: 1.12.0
[0m05:15:55.696337 [debug] [MainThread]: Partial parsing enabled: 0 files deleted, 0 files added, 0 files changed.
[0m05:15:55.696556 [debug] [MainThread]: Nothing changed, skipping partial parsing.
[0m05:15:55.696700 [debug] [MainThread]: Partial parsing enabled, no changes found, skipping parsing
[0m05:15:55.701663 [debug] [MainThread]: Sending event: {'category': 'dbt', 'action': 'load_project', 'label': 'e5272254-e262-4cb1-86ac-a45f1077a36d', 'context': [<snowplow_tracker.self_describing_json.SelfDescribingJson object at 0x110e08e50>]}
[0m05:15:55.776952 [debug] [MainThread]: Wrote artifact WritableManifest to /Users/prabhushankar/Documents/NYC_TLC/dbt/target/manifest.json
[0m05:15:55.781189 [debug] [MainThread]: Wrote artifact SemanticManifest to /Users/prabhushankar/Documents/NYC_TLC/dbt/target/semantic_manifest.json
[0m05:15:55.794354 [debug] [MainThread]: Wrote artifact OsiDocument to /Users/prabhushankar/Documents/NYC_TLC/dbt/target/osi_document.json
[0m05:15:55.809331 [debug] [MainThread]: Sending event: {'category': 'dbt', 'action': 'resource_counts', 'label': 'e5272254-e262-4cb1-86ac-a45f1077a36d', 'context': [<snowplow_tracker.self_describing_json.SelfDescribingJson object at 0x110f572f0>]}
[0m05:15:55.809582 [info ] [MainThread]: Found 4 models, 7 data tests, 2 sources, 545 macros
[0m05:15:55.810668 [info ] [MainThread]: 
[0m05:15:55.810872 [info ] [MainThread]: Concurrency: 4 threads (target='dev')
[0m05:15:55.811028 [info ] [MainThread]: 
[0m05:15:55.811306 [debug] [MainThread]: Acquiring new snowflake connection 'master'
[0m05:15:55.811738 [debug] [ThreadPool]: Acquiring new snowflake connection 'list_NYC_TAXI'
[0m05:15:55.819878 [debug] [ThreadPool]: Using snowflake connection "list_NYC_TAXI"
[0m05:15:55.820073 [debug] [ThreadPool]: On list_NYC_TAXI: show terse schemas in database NYC_TAXI
    limit 10000
/* {"app": "dbt", "dbt_version": "1.12.0", "profile_name": "nyc_taxi", "target_name": "dev", "connection_name": "list_NYC_TAXI"} */
[0m05:15:55.820229 [debug] [ThreadPool]: Opening a new connection, currently in state init
[0m05:15:56.588948 [debug] [ThreadPool]: SQL status: SUCCESS 5 in 0.768 seconds
[0m05:15:56.598612 [debug] [ThreadPool]: Re-using an available connection from the pool (formerly list_NYC_TAXI, now list_NYC_TAXI_ANALYTICS_marts)
[0m05:15:56.605520 [debug] [ThreadPool]: Acquiring new snowflake connection 'list_NYC_TAXI_ANALYTICS_staging'
[0m05:15:56.613926 [debug] [ThreadPool]: Using snowflake connection "list_NYC_TAXI_ANALYTICS_staging"
[0m05:15:56.612699 [debug] [ThreadPool]: Using snowflake connection "list_NYC_TAXI_ANALYTICS_marts"
[0m05:15:56.614500 [debug] [ThreadPool]: On list_NYC_TAXI_ANALYTICS_marts: show objects in NYC_TAXI.ANALYTICS_marts
    limit 10000
    

/* {"app": "dbt", "dbt_version": "1.12.0", "profile_name": "nyc_taxi", "target_name": "dev", "connection_name": "list_NYC_TAXI_ANALYTICS_marts"} */;
[0m05:15:56.614225 [debug] [ThreadPool]: On list_NYC_TAXI_ANALYTICS_staging: show objects in NYC_TAXI.ANALYTICS_staging
    limit 10000
    

/* {"app": "dbt", "dbt_version": "1.12.0", "profile_name": "nyc_taxi", "target_name": "dev", "connection_name": "list_NYC_TAXI_ANALYTICS_staging"} */;
[0m05:15:56.615051 [debug] [ThreadPool]: Opening a new connection, currently in state init
[0m05:15:56.842007 [debug] [ThreadPool]: SQL status: SUCCESS 2 in 0.227 seconds
[0m05:15:56.846913 [debug] [ThreadPool]: Using snowflake connection "list_NYC_TAXI_ANALYTICS_marts"
[0m05:15:56.847215 [debug] [ThreadPool]: On list_NYC_TAXI_ANALYTICS_marts: show user functions in NYC_TAXI.ANALYTICS_marts
/* {"app": "dbt", "dbt_version": "1.12.0", "profile_name": "nyc_taxi", "target_name": "dev", "connection_name": "list_NYC_TAXI_ANALYTICS_marts"} */
[0m05:15:56.961263 [debug] [ThreadPool]: SQL status: SUCCESS 0 in 0.114 seconds
[0m05:15:57.105850 [debug] [ThreadPool]: SQL status: SUCCESS 3 in 0.491 seconds
[0m05:15:57.107975 [debug] [ThreadPool]: Using snowflake connection "list_NYC_TAXI_ANALYTICS_staging"
[0m05:15:57.108242 [debug] [ThreadPool]: On list_NYC_TAXI_ANALYTICS_staging: show user functions in NYC_TAXI.ANALYTICS_staging
/* {"app": "dbt", "dbt_version": "1.12.0", "profile_name": "nyc_taxi", "target_name": "dev", "connection_name": "list_NYC_TAXI_ANALYTICS_staging"} */
[0m05:15:57.210036 [debug] [ThreadPool]: SQL status: SUCCESS 0 in 0.102 seconds
[0m05:15:57.212442 [debug] [MainThread]: Sending event: {'category': 'dbt', 'action': 'runnable_timing', 'label': 'e5272254-e262-4cb1-86ac-a45f1077a36d', 'context': [<snowplow_tracker.self_describing_json.SelfDescribingJson object at 0x1110d8130>]}
[0m05:15:57.215726 [debug] [Thread-2 (]: Began running node model.nyc_taxi.fct_trips
[0m05:15:57.216215 [info ] [Thread-2 (]: 1 of 5 START sql incremental model ANALYTICS_marts.fct_trips ................... [RUN]
[0m05:15:57.216636 [debug] [Thread-2 (]: Re-using an available connection from the pool (formerly list_NYC_TAXI_ANALYTICS_marts, now model.nyc_taxi.fct_trips)
[0m05:15:57.216943 [debug] [Thread-2 (]: Began compiling node model.nyc_taxi.fct_trips
[0m05:15:57.228100 [debug] [Thread-2 (]: Writing injected SQL for node "model.nyc_taxi.fct_trips"
[0m05:15:57.228690 [debug] [Thread-2 (]: Began executing node model.nyc_taxi.fct_trips
[0m05:15:57.272849 [debug] [Thread-2 (]: Using snowflake connection "model.nyc_taxi.fct_trips"
[0m05:15:57.273200 [debug] [Thread-2 (]: On model.nyc_taxi.fct_trips: create or replace temporary table NYC_TAXI.ANALYTICS_marts.fct_trips__dbt_tmp
as (
    


with trips as (

    select * from NYC_TAXI.ANALYTICS_staging.stg_yellow_trips
    
    where _loaded_at > (
        select coalesce(max(_loaded_at), '1900-01-01'::timestamp_ltz)
        from NYC_TAXI.ANALYTICS_marts.fct_trips
    )
    

),

zones as (

    select * from NYC_TAXI.ANALYTICS_marts.dim_zones

)

select
    -- surrogate key
    md5(
        t.vendor_id || '|' || t.pickup_at || '|' || t.dropoff_at || '|'
        || t.pickup_zone_id || '|' || t.total_amount
    )                                             as trip_key,

    -- grain / time
    t.pickup_at,
    t.dropoff_at,
    t.pickup_at::date                             as pickup_date,
    hour(t.pickup_at)                             as pickup_hour,
    dayname(t.pickup_at)                          as pickup_day_name,
    iff(dayofweek(t.pickup_at) in (0, 6), true, false) as is_weekend,

    -- geography
    t.pickup_zone_id,
    pu.borough                                    as pickup_borough,
    pu.zone_name                                  as pickup_zone,
    t.dropoff_zone_id,
    do.borough                                    as dropoff_borough,
    do.zone_name                                  as dropoff_zone,
    iff(pu.borough = do.borough, true, false)     as is_intra_borough,

    -- trip facts
    t.passenger_count,
    t.trip_distance_miles,
    t.trip_duration_seconds,
    round(t.trip_duration_seconds / 60.0, 2)      as trip_duration_minutes,
    round(
        t.trip_distance_miles / nullif(t.trip_duration_seconds / 3600.0, 0), 2
    )                                             as avg_speed_mph,

    -- money
    t.fare_amount,
    t.tip_amount,
    t.tolls_amount,
    t.congestion_surcharge,
    t.airport_fee,
    t.total_amount,
    round(t.tip_amount / nullif(t.fare_amount, 0) * 100, 2) as tip_pct_of_fare,

    -- descriptors
    case t.payment_type
        when 1 then 'Credit card'
        when 2 then 'Cash'
        when 3 then 'No charge'
        when 4 then 'Dispute'
        when 5 then 'Unknown'
        when 6 then 'Voided trip'
        else 'Unmapped'
    end                                           as payment_method,

    case t.rate_code_id
        when 1 then 'Standard'
        when 2 then 'JFK'
        when 3 then 'Newark'
        when 4 then 'Nassau/Westchester'
        when 5 then 'Negotiated'
        when 6 then 'Group ride'
        else 'Unknown'
    end                                           as rate_type,

    t._source_file,
    t._loaded_at

from trips t
left join zones pu on t.pickup_zone_id  = pu.zone_id
left join zones do on t.dropoff_zone_id = do.zone_id
    )

/* {"app": "dbt", "dbt_version": "1.12.0", "profile_name": "nyc_taxi", "target_name": "dev", "node_id": "model.nyc_taxi.fct_trips"} */;
[0m05:16:01.870269 [debug] [Thread-2 (]: SQL status: SUCCESS 3428544 in 4.596 seconds
[0m05:16:01.885254 [debug] [Thread-2 (]: Using snowflake connection "model.nyc_taxi.fct_trips"
[0m05:16:01.886000 [debug] [Thread-2 (]: On model.nyc_taxi.fct_trips: describe table NYC_TAXI.ANALYTICS_marts.fct_trips__dbt_tmp
/* {"app": "dbt", "dbt_version": "1.12.0", "profile_name": "nyc_taxi", "target_name": "dev", "node_id": "model.nyc_taxi.fct_trips"} */
[0m05:16:02.031487 [debug] [Thread-2 (]: SQL status: SUCCESS 30 in 0.145 seconds
[0m05:16:02.039581 [debug] [Thread-2 (]: Using snowflake connection "model.nyc_taxi.fct_trips"
[0m05:16:02.040244 [debug] [Thread-2 (]: On model.nyc_taxi.fct_trips: describe table NYC_TAXI.ANALYTICS_marts.fct_trips
/* {"app": "dbt", "dbt_version": "1.12.0", "profile_name": "nyc_taxi", "target_name": "dev", "node_id": "model.nyc_taxi.fct_trips"} */
[0m05:16:02.776036 [debug] [Thread-2 (]: SQL status: SUCCESS 30 in 0.735 seconds
[0m05:16:02.792538 [debug] [Thread-2 (]: Using snowflake connection "model.nyc_taxi.fct_trips"
[0m05:16:02.793150 [debug] [Thread-2 (]: On model.nyc_taxi.fct_trips: describe table "NYC_TAXI"."ANALYTICS_MARTS"."FCT_TRIPS"
/* {"app": "dbt", "dbt_version": "1.12.0", "profile_name": "nyc_taxi", "target_name": "dev", "node_id": "model.nyc_taxi.fct_trips"} */
[0m05:16:02.914279 [debug] [Thread-2 (]: SQL status: SUCCESS 30 in 0.120 seconds
[0m05:16:02.941513 [debug] [Thread-2 (]: Writing runtime sql for node "model.nyc_taxi.fct_trips"
[0m05:16:02.943340 [debug] [Thread-2 (]: Using snowflake connection "model.nyc_taxi.fct_trips"
[0m05:16:02.943675 [debug] [Thread-2 (]: On model.nyc_taxi.fct_trips: BEGIN
/* {"app": "dbt", "dbt_version": "1.12.0", "profile_name": "nyc_taxi", "target_name": "dev", "node_id": "model.nyc_taxi.fct_trips"} */
[0m05:16:03.148925 [debug] [Thread-2 (]: SQL status: SUCCESS 1 in 0.205 seconds
[0m05:16:03.149953 [debug] [Thread-2 (]: Using snowflake connection "model.nyc_taxi.fct_trips"
[0m05:16:03.150452 [debug] [Thread-2 (]: On model.nyc_taxi.fct_trips: delete from NYC_TAXI.ANALYTICS_marts.fct_trips as DBT_INTERNAL_DEST
        where (_source_file) in (
            select distinct _source_file
            from NYC_TAXI.ANALYTICS_marts.fct_trips__dbt_tmp as DBT_INTERNAL_SOURCE
        )
/* {"app": "dbt", "dbt_version": "1.12.0", "profile_name": "nyc_taxi", "target_name": "dev", "node_id": "model.nyc_taxi.fct_trips"} */;
[0m05:16:03.487493 [debug] [Thread-2 (]: SQL status: SUCCESS 0 in 0.336 seconds
[0m05:16:03.488934 [debug] [Thread-2 (]: Using snowflake connection "model.nyc_taxi.fct_trips"
[0m05:16:03.489493 [debug] [Thread-2 (]: On model.nyc_taxi.fct_trips: insert into NYC_TAXI.ANALYTICS_marts.fct_trips ("TRIP_KEY", "PICKUP_AT", "DROPOFF_AT", "PICKUP_DATE", "PICKUP_HOUR", "PICKUP_DAY_NAME", "IS_WEEKEND", "PICKUP_ZONE_ID", "PICKUP_BOROUGH", "PICKUP_ZONE", "DROPOFF_ZONE_ID", "DROPOFF_BOROUGH", "DROPOFF_ZONE", "IS_INTRA_BOROUGH", "PASSENGER_COUNT", "TRIP_DISTANCE_MILES", "TRIP_DURATION_SECONDS", "TRIP_DURATION_MINUTES", "AVG_SPEED_MPH", "FARE_AMOUNT", "TIP_AMOUNT", "TOLLS_AMOUNT", "CONGESTION_SURCHARGE", "AIRPORT_FEE", "TOTAL_AMOUNT", "TIP_PCT_OF_FARE", "PAYMENT_METHOD", "RATE_TYPE", "_SOURCE_FILE", "_LOADED_AT")
    (
        select "TRIP_KEY", "PICKUP_AT", "DROPOFF_AT", "PICKUP_DATE", "PICKUP_HOUR", "PICKUP_DAY_NAME", "IS_WEEKEND", "PICKUP_ZONE_ID", "PICKUP_BOROUGH", "PICKUP_ZONE", "DROPOFF_ZONE_ID", "DROPOFF_BOROUGH", "DROPOFF_ZONE", "IS_INTRA_BOROUGH", "PASSENGER_COUNT", "TRIP_DISTANCE_MILES", "TRIP_DURATION_SECONDS", "TRIP_DURATION_MINUTES", "AVG_SPEED_MPH", "FARE_AMOUNT", "TIP_AMOUNT", "TOLLS_AMOUNT", "CONGESTION_SURCHARGE", "AIRPORT_FEE", "TOTAL_AMOUNT", "TIP_PCT_OF_FARE", "PAYMENT_METHOD", "RATE_TYPE", "_SOURCE_FILE", "_LOADED_AT"
        from NYC_TAXI.ANALYTICS_marts.fct_trips__dbt_tmp
    )
/* {"app": "dbt", "dbt_version": "1.12.0", "profile_name": "nyc_taxi", "target_name": "dev", "node_id": "model.nyc_taxi.fct_trips"} */;
[0m05:16:06.483989 [debug] [Thread-2 (]: SQL status: SUCCESS 3428544 in 2.994 seconds
[0m05:16:06.485791 [debug] [Thread-2 (]: Using snowflake connection "model.nyc_taxi.fct_trips"
[0m05:16:06.486860 [debug] [Thread-2 (]: On model.nyc_taxi.fct_trips: COMMIT
/* {"app": "dbt", "dbt_version": "1.12.0", "profile_name": "nyc_taxi", "target_name": "dev", "node_id": "model.nyc_taxi.fct_trips"} */
[0m05:16:06.954161 [debug] [Thread-2 (]: SQL status: SUCCESS 1 in 0.466 seconds
[0m05:16:06.967271 [debug] [Thread-2 (]: Applying DROP to: NYC_TAXI.ANALYTICS_marts.fct_trips__dbt_tmp
[0m05:16:06.975533 [debug] [Thread-2 (]: Using snowflake connection "model.nyc_taxi.fct_trips"
[0m05:16:06.975977 [debug] [Thread-2 (]: On model.nyc_taxi.fct_trips: drop table if exists NYC_TAXI.ANALYTICS_marts.fct_trips__dbt_tmp cascade
/* {"app": "dbt", "dbt_version": "1.12.0", "profile_name": "nyc_taxi", "target_name": "dev", "node_id": "model.nyc_taxi.fct_trips"} */
[0m05:16:07.178492 [debug] [Thread-2 (]: SQL status: SUCCESS 1 in 0.202 seconds
[0m05:16:07.193171 [debug] [Thread-2 (]: Sending event: {'category': 'dbt', 'action': 'run_model', 'label': 'e5272254-e262-4cb1-86ac-a45f1077a36d', 'context': [<snowplow_tracker.self_describing_json.SelfDescribingJson object at 0x11143d230>]}
[0m05:16:07.193590 [info ] [Thread-2 (]: 1 of 5 OK created sql incremental model ANALYTICS_marts.fct_trips .............. [[32mSUCCESS 3428544[0m in 9.98s]
[0m05:16:07.193949 [debug] [Thread-2 (]: Finished running node model.nyc_taxi.fct_trips
[0m05:16:07.194490 [debug] [Thread-4 (]: Began running node test.nyc_taxi.not_null_fct_trips_total_amount.0e8ec5477d
[0m05:16:07.194752 [debug] [Thread-2 (]: Began running node test.nyc_taxi.relationships_fct_trips_pickup_zone_id__zone_id__ref_dim_zones_.02c4c209b7
[0m05:16:07.194999 [debug] [Thread-3 (]: Began running node test.nyc_taxi.not_null_fct_trips_pickup_at.444dea6a87
[0m05:16:07.195937 [info ] [Thread-3 (]: 2 of 5 START test not_null_fct_trips_pickup_at ................................. [RUN]
[0m05:16:07.196186 [debug] [Thread-3 (]: Re-using an available connection from the pool (formerly list_NYC_TAXI_ANALYTICS_staging, now test.nyc_taxi.not_null_fct_trips_pickup_at.444dea6a87)
[0m05:16:07.196386 [debug] [Thread-3 (]: Began compiling node test.nyc_taxi.not_null_fct_trips_pickup_at.444dea6a87
[0m05:16:07.195239 [debug] [Thread-5 (]: Began running node test.nyc_taxi.not_null_fct_trips_trip_key.d8abf8dacc
[0m05:16:07.195458 [info ] [Thread-4 (]: 3 of 5 START test not_null_fct_trips_total_amount .............................. [RUN]
[0m05:16:07.195699 [info ] [Thread-2 (]: 5 of 5 START test relationships_fct_trips_pickup_zone_id__zone_id__ref_dim_zones_  [RUN]
[0m05:16:07.205204 [debug] [Thread-2 (]: Re-using an available connection from the pool (formerly model.nyc_taxi.fct_trips, now test.nyc_taxi.relationships_fct_trips_pickup_zone_id__zone_id__ref_dim_zones_.02c4c209b7)
[0m05:16:07.205391 [debug] [Thread-2 (]: Began compiling node test.nyc_taxi.relationships_fct_trips_pickup_zone_id__zone_id__ref_dim_zones_.02c4c209b7
[0m05:16:07.204996 [debug] [Thread-4 (]: Acquiring new snowflake connection 'test.nyc_taxi.not_null_fct_trips_total_amount.0e8ec5477d'
[0m05:16:07.204463 [debug] [Thread-3 (]: Writing injected SQL for node "test.nyc_taxi.not_null_fct_trips_pickup_at.444dea6a87"
[0m05:16:07.204707 [info ] [Thread-5 (]: 4 of 5 START test not_null_fct_trips_trip_key .................................. [RUN]
[0m05:16:07.215576 [debug] [Thread-5 (]: Acquiring new snowflake connection 'test.nyc_taxi.not_null_fct_trips_trip_key.d8abf8dacc'
[0m05:16:07.215782 [debug] [Thread-5 (]: Began compiling node test.nyc_taxi.not_null_fct_trips_trip_key.d8abf8dacc
[0m05:16:07.219070 [debug] [Thread-5 (]: Writing injected SQL for node "test.nyc_taxi.not_null_fct_trips_trip_key.d8abf8dacc"
[0m05:16:07.215252 [debug] [Thread-4 (]: Began compiling node test.nyc_taxi.not_null_fct_trips_total_amount.0e8ec5477d
[0m05:16:07.215011 [debug] [Thread-2 (]: Writing injected SQL for node "test.nyc_taxi.relationships_fct_trips_pickup_zone_id__zone_id__ref_dim_zones_.02c4c209b7"
[0m05:16:07.222315 [debug] [Thread-4 (]: Writing injected SQL for node "test.nyc_taxi.not_null_fct_trips_total_amount.0e8ec5477d"
[0m05:16:07.222530 [debug] [Thread-3 (]: Began executing node test.nyc_taxi.not_null_fct_trips_pickup_at.444dea6a87
[0m05:16:07.229853 [debug] [Thread-5 (]: Began executing node test.nyc_taxi.not_null_fct_trips_trip_key.d8abf8dacc
[0m05:16:07.238701 [debug] [Thread-5 (]: Writing runtime sql for node "test.nyc_taxi.not_null_fct_trips_trip_key.d8abf8dacc"
[0m05:16:07.239265 [debug] [Thread-3 (]: Writing runtime sql for node "test.nyc_taxi.not_null_fct_trips_pickup_at.444dea6a87"
[0m05:16:07.239594 [debug] [Thread-2 (]: Began executing node test.nyc_taxi.relationships_fct_trips_pickup_zone_id__zone_id__ref_dim_zones_.02c4c209b7
[0m05:16:07.240619 [debug] [Thread-2 (]: Writing runtime sql for node "test.nyc_taxi.relationships_fct_trips_pickup_zone_id__zone_id__ref_dim_zones_.02c4c209b7"
[0m05:16:07.240836 [debug] [Thread-4 (]: Began executing node test.nyc_taxi.not_null_fct_trips_total_amount.0e8ec5477d
[0m05:16:07.241843 [debug] [Thread-4 (]: Writing runtime sql for node "test.nyc_taxi.not_null_fct_trips_total_amount.0e8ec5477d"
[0m05:16:07.242266 [debug] [Thread-5 (]: Using snowflake connection "test.nyc_taxi.not_null_fct_trips_trip_key.d8abf8dacc"
[0m05:16:07.242477 [debug] [Thread-5 (]: On test.nyc_taxi.not_null_fct_trips_trip_key.d8abf8dacc: select
      count(*) as failures,
      count(*) != 0 as should_warn,
      count(*) != 0 as should_error
    from (
      
    
  
    
    



select trip_key
from NYC_TAXI.ANALYTICS_marts.fct_trips
where trip_key is null



  
  
      
    ) dbt_internal_test
/* {"app": "dbt", "dbt_version": "1.12.0", "profile_name": "nyc_taxi", "target_name": "dev", "node_id": "test.nyc_taxi.not_null_fct_trips_trip_key.d8abf8dacc"} */
[0m05:16:07.242680 [debug] [Thread-5 (]: Opening a new connection, currently in state init
[0m05:16:07.243051 [debug] [Thread-3 (]: Using snowflake connection "test.nyc_taxi.not_null_fct_trips_pickup_at.444dea6a87"
[0m05:16:07.243252 [debug] [Thread-3 (]: On test.nyc_taxi.not_null_fct_trips_pickup_at.444dea6a87: select
      count(*) as failures,
      count(*) != 0 as should_warn,
      count(*) != 0 as should_error
    from (
      
    
  
    
    



select pickup_at
from NYC_TAXI.ANALYTICS_marts.fct_trips
where pickup_at is null



  
  
      
    ) dbt_internal_test
/* {"app": "dbt", "dbt_version": "1.12.0", "profile_name": "nyc_taxi", "target_name": "dev", "node_id": "test.nyc_taxi.not_null_fct_trips_pickup_at.444dea6a87"} */
[0m05:16:07.244249 [debug] [Thread-2 (]: Using snowflake connection "test.nyc_taxi.relationships_fct_trips_pickup_zone_id__zone_id__ref_dim_zones_.02c4c209b7"
[0m05:16:07.244456 [debug] [Thread-2 (]: On test.nyc_taxi.relationships_fct_trips_pickup_zone_id__zone_id__ref_dim_zones_.02c4c209b7: select
      count(*) as failures,
      count(*) != 0 as should_warn,
      count(*) != 0 as should_error
    from (
      
    
  
    
    

with child as (
    select pickup_zone_id as from_field
    from NYC_TAXI.ANALYTICS_marts.fct_trips
    where pickup_zone_id is not null
),

parent as (
    select zone_id as to_field
    from NYC_TAXI.ANALYTICS_marts.dim_zones
)

select
    from_field

from child
left join parent
    on child.from_field = parent.to_field

where parent.to_field is null



  
  
      
    ) dbt_internal_test
/* {"app": "dbt", "dbt_version": "1.12.0", "profile_name": "nyc_taxi", "target_name": "dev", "node_id": "test.nyc_taxi.relationships_fct_trips_pickup_zone_id__zone_id__ref_dim_zones_.02c4c209b7"} */
[0m05:16:07.243665 [debug] [Thread-4 (]: Using snowflake connection "test.nyc_taxi.not_null_fct_trips_total_amount.0e8ec5477d"
[0m05:16:07.244902 [debug] [Thread-4 (]: On test.nyc_taxi.not_null_fct_trips_total_amount.0e8ec5477d: select
      count(*) as failures,
      count(*) != 0 as should_warn,
      count(*) != 0 as should_error
    from (
      
    
  
    
    



select total_amount
from NYC_TAXI.ANALYTICS_marts.fct_trips
where total_amount is null



  
  
      
    ) dbt_internal_test
/* {"app": "dbt", "dbt_version": "1.12.0", "profile_name": "nyc_taxi", "target_name": "dev", "node_id": "test.nyc_taxi.not_null_fct_trips_total_amount.0e8ec5477d"} */
[0m05:16:07.245124 [debug] [Thread-4 (]: Opening a new connection, currently in state init
[0m05:16:07.567156 [debug] [Thread-3 (]: SQL status: SUCCESS 1 in 0.323 seconds
[0m05:16:07.570626 [info ] [Thread-3 (]: 2 of 5 PASS not_null_fct_trips_pickup_at ....................................... [[32mPASS[0m in 0.37s]
[0m05:16:07.571094 [debug] [Thread-3 (]: Finished running node test.nyc_taxi.not_null_fct_trips_pickup_at.444dea6a87
[0m05:16:07.999792 [debug] [Thread-5 (]: SQL status: SUCCESS 1 in 0.757 seconds
[0m05:16:08.004561 [info ] [Thread-5 (]: 4 of 5 PASS not_null_fct_trips_trip_key ........................................ [[32mPASS[0m in 0.79s]
[0m05:16:08.005600 [debug] [Thread-5 (]: Finished running node test.nyc_taxi.not_null_fct_trips_trip_key.d8abf8dacc
[0m05:16:08.109497 [debug] [Thread-2 (]: SQL status: SUCCESS 1 in 0.864 seconds
[0m05:16:08.113679 [info ] [Thread-2 (]: 5 of 5 PASS relationships_fct_trips_pickup_zone_id__zone_id__ref_dim_zones_ .... [[32mPASS[0m in 0.91s]
[0m05:16:08.114662 [debug] [Thread-2 (]: Finished running node test.nyc_taxi.relationships_fct_trips_pickup_zone_id__zone_id__ref_dim_zones_.02c4c209b7
[0m05:16:08.267815 [debug] [Thread-4 (]: SQL status: SUCCESS 1 in 1.023 seconds
[0m05:16:08.269248 [info ] [Thread-4 (]: 3 of 5 PASS not_null_fct_trips_total_amount .................................... [[32mPASS[0m in 1.06s]
[0m05:16:08.269630 [debug] [Thread-4 (]: Finished running node test.nyc_taxi.not_null_fct_trips_total_amount.0e8ec5477d
[0m05:16:08.270453 [debug] [MainThread]: Connection 'master' was properly closed.
[0m05:16:08.270691 [debug] [MainThread]: Connection 'test.nyc_taxi.relationships_fct_trips_pickup_zone_id__zone_id__ref_dim_zones_.02c4c209b7' was left open.
[0m05:16:08.270893 [debug] [MainThread]: On test.nyc_taxi.relationships_fct_trips_pickup_zone_id__zone_id__ref_dim_zones_.02c4c209b7: Close
[0m05:16:08.435832 [debug] [MainThread]: Connection 'test.nyc_taxi.not_null_fct_trips_pickup_at.444dea6a87' was left open.
[0m05:16:08.436778 [debug] [MainThread]: On test.nyc_taxi.not_null_fct_trips_pickup_at.444dea6a87: Close
[0m05:16:08.564070 [debug] [MainThread]: Connection 'test.nyc_taxi.not_null_fct_trips_total_amount.0e8ec5477d' was left open.
[0m05:16:08.565042 [debug] [MainThread]: On test.nyc_taxi.not_null_fct_trips_total_amount.0e8ec5477d: Close
[0m05:16:08.696049 [debug] [MainThread]: Connection 'test.nyc_taxi.not_null_fct_trips_trip_key.d8abf8dacc' was left open.
[0m05:16:08.696926 [debug] [MainThread]: On test.nyc_taxi.not_null_fct_trips_trip_key.d8abf8dacc: Close
[0m05:16:08.850641 [info ] [MainThread]: 
[0m05:16:08.851299 [info ] [MainThread]: Finished running 1 incremental model, 4 data tests in 0 hours 0 minutes and 13.04 seconds (13.04s).
[0m05:16:08.853033 [debug] [MainThread]: Command end result
[0m05:16:08.920655 [debug] [MainThread]: Wrote artifact WritableManifest to /Users/prabhushankar/Documents/NYC_TLC/dbt/target/manifest.json
[0m05:16:08.922472 [debug] [MainThread]: Wrote artifact SemanticManifest to /Users/prabhushankar/Documents/NYC_TLC/dbt/target/semantic_manifest.json
[0m05:16:08.924040 [debug] [MainThread]: Wrote artifact OsiDocument to /Users/prabhushankar/Documents/NYC_TLC/dbt/target/osi_document.json
[0m05:16:08.928408 [debug] [MainThread]: Wrote artifact RunExecutionResult to /Users/prabhushankar/Documents/NYC_TLC/dbt/target/run_results.json
[0m05:16:08.928581 [info ] [MainThread]: 
[0m05:16:08.928777 [info ] [MainThread]: [32mCompleted successfully[0m
[0m05:16:08.928933 [info ] [MainThread]: 
[0m05:16:08.929111 [info ] [MainThread]: Done. PASS=5 WARN=0 ERROR=0 SKIP=0 NO-OP=0 REUSED=0 TOTAL=5
[0m05:16:08.931179 [debug] [MainThread]: Resource report: {"command_name": "build", "command_success": true, "command_wall_clock_time": 13.80827, "process_in_blocks": "0", "process_kernel_time": 0.280714, "process_mem_max_rss": "203456512", "process_out_blocks": "0", "process_user_time": 2.077743}
[0m05:16:08.931427 [debug] [MainThread]: Command `dbt build` succeeded at 05:16:08.931388 after 13.81 seconds
[0m05:16:08.931641 [debug] [MainThread]: Sending event: {'category': 'dbt', 'action': 'invocation', 'label': 'end', 'context': [<snowplow_tracker.self_describing_json.SelfDescribingJson object at 0x11115c590>, <snowplow_tracker.self_describing_json.SelfDescribingJson object at 0x1114dd0d0>, <snowplow_tracker.self_describing_json.SelfDescribingJson object at 0x1114dcd60>]}
[0m05:16:08.931827 [debug] [MainThread]: Flushing usage events
[0m05:16:09.218106 [debug] [MainThread]: An error was encountered while trying to flush usage events
[0m05:22:40.710051 [debug] [MainThread]: Sending event: {'category': 'dbt', 'action': 'invocation', 'label': 'start', 'context': [<snowplow_tracker.self_describing_json.SelfDescribingJson object at 0x1095246e0>, <snowplow_tracker.self_describing_json.SelfDescribingJson object at 0x10aa26fd0>, <snowplow_tracker.self_describing_json.SelfDescribingJson object at 0x10aa26e90>]}


============================== 05:22:40.713308 | 244038ae-f0dc-48c3-bdc8-acf4654e0512 ==============================
[0m05:22:40.713308 [info ] [MainThread]: Running with dbt=1.12.0
[0m05:22:40.713643 [debug] [MainThread]: running dbt with arguments {'no_print': 'None', 'version_check': 'True', 'invocation_command': 'dbt debug', 'introspect': 'True', 'indirect_selection': 'eager', 'cache_selected_only': 'False', 'log_cache_events': 'False', 'quiet': 'False', 'printer_width': '80', 'target_path': 'None', 'partial_parse': 'True', 'log_path': '/Users/prabhushankar/Documents/NYC_TLC/dbt/logs', 'use_experimental_parser': 'False', 'maximum_seed_size_mib': '1', 'hints_enabled': 'True', 'fail_fast': 'False', 'warn_error_options': 'WarnErrorOptionsV2(error=[], warn=[], silence=[])', 'log_format': 'default', 'static_parser': 'True', 'debug': 'False', 'send_anonymous_usage_stats': 'True', 'warn_error': 'None', 'use_colors': 'True', 'empty': 'None', 'profiles_dir': '.', 'write_json': 'True'}
[0m05:22:40.724006 [info ] [MainThread]: dbt version: 1.12.0
[0m05:22:40.724238 [info ] [MainThread]: python version: 3.14.3
[0m05:22:40.724403 [info ] [MainThread]: python path: /Users/prabhushankar/Documents/NYC_TLC/venv/bin/python3.14
[0m05:22:40.724552 [info ] [MainThread]: os info: macOS-26.5-arm64-arm-64bit-Mach-O
[0m05:22:41.000291 [debug] [MainThread]: Snowflake adapter: Setting snowflake.connector to ERROR (file logging only)
[0m05:22:41.000571 [debug] [MainThread]: Snowflake adapter: Setting botocore to ERROR (file logging only)
[0m05:22:41.000737 [debug] [MainThread]: Snowflake adapter: Setting boto3 to ERROR (file logging only)
[0m05:22:41.060662 [info ] [MainThread]: Using profiles dir at .
[0m05:22:41.060937 [info ] [MainThread]: Using profiles.yml file at ./profiles.yml
[0m05:22:41.061124 [info ] [MainThread]: Using dbt_project.yml file at /Users/prabhushankar/Documents/NYC_TLC/dbt/dbt_project.yml
[0m05:22:41.061576 [info ] [MainThread]: adapter type: snowflake
[0m05:22:41.061781 [info ] [MainThread]: adapter version: 1.12.0
[0m05:22:41.113363 [info ] [MainThread]: Configuration:
[0m05:22:41.113662 [info ] [MainThread]:   profiles.yml file [[32mOK found and valid[0m]
[0m05:22:41.113839 [info ] [MainThread]:   dbt_project.yml file [[32mOK found and valid[0m]
[0m05:22:41.114002 [info ] [MainThread]: Required dependencies:
[0m05:22:41.114238 [debug] [MainThread]: Executing "git --help"
[0m05:22:41.134006 [debug] [MainThread]: STDOUT: "b"usage: git [-v | --version] [-h | --help] [-C <path>] [-c <name>=<value>]\n           [--exec-path[=<path>]] [--html-path] [--man-path] [--info-path]\n           [-p | --paginate | -P | --no-pager] [--no-replace-objects] [--bare]\n           [--git-dir=<path>] [--work-tree=<path>] [--namespace=<name>]\n           [--super-prefix=<path>] [--config-env=<name>=<envvar>]\n           <command> [<args>]\n\nThese are common Git commands used in various situations:\n\nstart a working area (see also: git help tutorial)\n   clone     Clone a repository into a new directory\n   init      Create an empty Git repository or reinitialize an existing one\n\nwork on the current change (see also: git help everyday)\n   add       Add file contents to the index\n   mv        Move or rename a file, a directory, or a symlink\n   restore   Restore working tree files\n   rm        Remove files from the working tree and from the index\n\nexamine the history and state (see also: git help revisions)\n   bisect    Use binary search to find the commit that introduced a bug\n   diff      Show changes between commits, commit and working tree, etc\n   grep      Print lines matching a pattern\n   log       Show commit logs\n   show      Show various types of objects\n   status    Show the working tree status\n\ngrow, mark and tweak your common history\n   branch    List, create, or delete branches\n   commit    Record changes to the repository\n   merge     Join two or more development histories together\n   rebase    Reapply commits on top of another base tip\n   reset     Reset current HEAD to the specified state\n   switch    Switch branches\n   tag       Create, list, delete or verify a tag object signed with GPG\n\ncollaborate (see also: git help workflows)\n   fetch     Download objects and refs from another repository\n   pull      Fetch from and integrate with another repository or a local branch\n   push      Update remote refs along with associated objects\n\n'git help -a' and 'git help -g' list available subcommands and some\nconcept guides. See 'git help <command>' or 'git help <concept>'\nto read about a specific subcommand or concept.\nSee 'git help git' for an overview of the system.\n""
[0m05:22:41.134581 [debug] [MainThread]: STDERR: "b''"
[0m05:22:41.134770 [info ] [MainThread]:  - git [[32mOK found[0m]

[0m05:22:41.134979 [info ] [MainThread]: Connection:
[0m05:22:41.135182 [info ] [MainThread]:   account: ...
[0m05:22:41.135332 [info ] [MainThread]:   user: ...
[0m05:22:41.135482 [info ] [MainThread]:   database: NYC_TAXI
[0m05:22:41.135624 [info ] [MainThread]:   warehouse: LOAD_WH
[0m05:22:41.135761 [info ] [MainThread]:   role: SYSADMIN
[0m05:22:41.135900 [info ] [MainThread]:   schema: ANALYTICS
[0m05:22:41.136036 [info ] [MainThread]:   authenticator: None
[0m05:22:41.136175 [info ] [MainThread]:   oauth_client_id: None
[0m05:22:41.136314 [info ] [MainThread]:   query_tag: None
[0m05:22:41.136451 [info ] [MainThread]:   client_session_keep_alive: False
[0m05:22:41.136591 [info ] [MainThread]:   host: None
[0m05:22:41.136724 [info ] [MainThread]:   port: None
[0m05:22:41.136860 [info ] [MainThread]:   proxy_host: None
[0m05:22:41.136994 [info ] [MainThread]:   proxy_port: None
[0m05:22:41.137128 [info ] [MainThread]:   protocol: None
[0m05:22:41.137262 [info ] [MainThread]:   connect_retries: 1
[0m05:22:41.137395 [info ] [MainThread]:   connect_timeout: None
[0m05:22:41.137530 [info ] [MainThread]:   retry_on_database_errors: False
[0m05:22:41.137667 [info ] [MainThread]:   retry_all: False
[0m05:22:41.137799 [info ] [MainThread]:   insecure_mode: False
[0m05:22:41.137934 [info ] [MainThread]:   reuse_connections: True
[0m05:22:41.138070 [info ] [MainThread]:   s3_stage_vpce_dns_name: None
[0m05:22:41.138204 [info ] [MainThread]:   workload_identity_provider: None
[0m05:22:41.138341 [info ] [MainThread]:   workload_identity_entra_resource: None
[0m05:22:41.138479 [info ] [MainThread]:   platform_detection_timeout_seconds: 0.0
[0m05:22:41.138845 [info ] [MainThread]: Registered adapter: snowflake=1.12.0
[0m05:22:41.194758 [debug] [MainThread]: Acquiring new snowflake connection 'debug'
[0m05:22:41.196452 [debug] [MainThread]: Using snowflake connection "debug"
[0m05:22:41.196633 [debug] [MainThread]: On debug: select 1 as id
[0m05:22:41.196782 [debug] [MainThread]: Opening a new connection, currently in state init
[0m05:22:41.268515 [debug] [MainThread]: Snowflake adapter: Error running SQL: select 1 as id
[0m05:22:41.268705 [debug] [MainThread]: Snowflake adapter: Rolling back transaction.
[0m05:22:41.268911 [info ] [MainThread]:   Connection test: [[31mERROR[0m]

[0m05:22:41.269102 [info ] [MainThread]: [31m1 check failed:[0m
[0m05:22:41.269263 [info ] [MainThread]: dbt was unable to connect to the specified database.
The database returned the following error:

  >Database Error
  251001: Invalid account identifier: only letters, digits, '_' and '-' allowed; no dots or slashes

Check your database credentials and try again. For more information, visit:
https://docs.getdbt.com/docs/configure-your-profile


[0m05:22:41.271891 [debug] [MainThread]: Resource report: {"command_name": "debug", "command_success": false, "command_wall_clock_time": 0.62228125, "process_in_blocks": "0", "process_kernel_time": 0.249942, "process_mem_max_rss": "173506560", "process_out_blocks": "0", "process_user_time": 1.037648}
[0m05:22:41.272454 [debug] [MainThread]: Command `dbt debug` failed at 05:22:41.272395 after 0.62 seconds
[0m05:22:41.272657 [debug] [MainThread]: Connection 'debug' was left open.
[0m05:22:41.272807 [debug] [MainThread]: On debug: No close available on handle
[0m05:22:41.273010 [debug] [MainThread]: Sending event: {'category': 'dbt', 'action': 'invocation', 'label': 'end', 'context': [<snowplow_tracker.self_describing_json.SelfDescribingJson object at 0x10d1710f0>, <snowplow_tracker.self_describing_json.SelfDescribingJson object at 0x10d00fad0>, <snowplow_tracker.self_describing_json.SelfDescribingJson object at 0x10cfd3240>]}
[0m05:22:41.273267 [debug] [MainThread]: Flushing usage events
[0m05:22:41.551253 [debug] [MainThread]: An error was encountered while trying to flush usage events
[0m05:22:49.990599 [debug] [MainThread]: Sending event: {'category': 'dbt', 'action': 'invocation', 'label': 'start', 'context': [<snowplow_tracker.self_describing_json.SelfDescribingJson object at 0x10b2846e0>, <snowplow_tracker.self_describing_json.SelfDescribingJson object at 0x10c786fd0>, <snowplow_tracker.self_describing_json.SelfDescribingJson object at 0x10c786e90>]}


============================== 05:22:49.993598 | 5561b07d-b227-4600-8865-f40fb4435783 ==============================
[0m05:22:49.993598 [info ] [MainThread]: Running with dbt=1.12.0
[0m05:22:49.993961 [debug] [MainThread]: running dbt with arguments {'log_path': '/Users/prabhushankar/Documents/NYC_TLC/dbt/logs', 'log_cache_events': 'False', 'cache_selected_only': 'False', 'version_check': 'True', 'target_path': 'None', 'introspect': 'True', 'write_json': 'True', 'fail_fast': 'False', 'warn_error_options': 'WarnErrorOptionsV2(error=[], warn=[], silence=[])', 'hints_enabled': 'True', 'use_colors': 'True', 'no_print': 'None', 'quiet': 'False', 'use_experimental_parser': 'False', 'debug': 'False', 'send_anonymous_usage_stats': 'True', 'printer_width': '80', 'maximum_seed_size_mib': '1', 'indirect_selection': 'eager', 'empty': 'None', 'warn_error': 'None', 'invocation_command': 'dbt debug', 'log_format': 'default', 'partial_parse': 'True', 'static_parser': 'True', 'profiles_dir': '.'}
[0m05:22:50.003544 [info ] [MainThread]: dbt version: 1.12.0
[0m05:22:50.003769 [info ] [MainThread]: python version: 3.14.3
[0m05:22:50.003932 [info ] [MainThread]: python path: /Users/prabhushankar/Documents/NYC_TLC/venv/bin/python3.14
[0m05:22:50.004080 [info ] [MainThread]: os info: macOS-26.5-arm64-arm-64bit-Mach-O
[0m05:22:50.232781 [debug] [MainThread]: Snowflake adapter: Setting snowflake.connector to ERROR (file logging only)
[0m05:22:50.233205 [debug] [MainThread]: Snowflake adapter: Setting botocore to ERROR (file logging only)
[0m05:22:50.233398 [debug] [MainThread]: Snowflake adapter: Setting boto3 to ERROR (file logging only)
[0m05:22:50.293524 [info ] [MainThread]: Using profiles dir at .
[0m05:22:50.293806 [info ] [MainThread]: Using profiles.yml file at ./profiles.yml
[0m05:22:50.293982 [info ] [MainThread]: Using dbt_project.yml file at /Users/prabhushankar/Documents/NYC_TLC/dbt/dbt_project.yml
[0m05:22:50.294436 [info ] [MainThread]: adapter type: snowflake
[0m05:22:50.294660 [info ] [MainThread]: adapter version: 1.12.0
[0m05:22:50.353035 [info ] [MainThread]: Configuration:
[0m05:22:50.353347 [info ] [MainThread]:   profiles.yml file [[32mOK found and valid[0m]
[0m05:22:50.353528 [info ] [MainThread]:   dbt_project.yml file [[32mOK found and valid[0m]
[0m05:22:50.353697 [info ] [MainThread]: Required dependencies:
[0m05:22:50.353946 [debug] [MainThread]: Executing "git --help"
[0m05:22:50.373341 [debug] [MainThread]: STDOUT: "b"usage: git [-v | --version] [-h | --help] [-C <path>] [-c <name>=<value>]\n           [--exec-path[=<path>]] [--html-path] [--man-path] [--info-path]\n           [-p | --paginate | -P | --no-pager] [--no-replace-objects] [--bare]\n           [--git-dir=<path>] [--work-tree=<path>] [--namespace=<name>]\n           [--super-prefix=<path>] [--config-env=<name>=<envvar>]\n           <command> [<args>]\n\nThese are common Git commands used in various situations:\n\nstart a working area (see also: git help tutorial)\n   clone     Clone a repository into a new directory\n   init      Create an empty Git repository or reinitialize an existing one\n\nwork on the current change (see also: git help everyday)\n   add       Add file contents to the index\n   mv        Move or rename a file, a directory, or a symlink\n   restore   Restore working tree files\n   rm        Remove files from the working tree and from the index\n\nexamine the history and state (see also: git help revisions)\n   bisect    Use binary search to find the commit that introduced a bug\n   diff      Show changes between commits, commit and working tree, etc\n   grep      Print lines matching a pattern\n   log       Show commit logs\n   show      Show various types of objects\n   status    Show the working tree status\n\ngrow, mark and tweak your common history\n   branch    List, create, or delete branches\n   commit    Record changes to the repository\n   merge     Join two or more development histories together\n   rebase    Reapply commits on top of another base tip\n   reset     Reset current HEAD to the specified state\n   switch    Switch branches\n   tag       Create, list, delete or verify a tag object signed with GPG\n\ncollaborate (see also: git help workflows)\n   fetch     Download objects and refs from another repository\n   pull      Fetch from and integrate with another repository or a local branch\n   push      Update remote refs along with associated objects\n\n'git help -a' and 'git help -g' list available subcommands and some\nconcept guides. See 'git help <command>' or 'git help <concept>'\nto read about a specific subcommand or concept.\nSee 'git help git' for an overview of the system.\n""
[0m05:22:50.373904 [debug] [MainThread]: STDERR: "b''"
[0m05:22:50.374093 [info ] [MainThread]:  - git [[32mOK found[0m]

[0m05:22:50.374285 [info ] [MainThread]: Connection:
[0m05:22:50.374491 [info ] [MainThread]:   account: ...
[0m05:22:50.374645 [info ] [MainThread]:   user: ...
[0m05:22:50.374790 [info ] [MainThread]:   database: NYC_TAXI
[0m05:22:50.374938 [info ] [MainThread]:   warehouse: LOAD_WH
[0m05:22:50.375081 [info ] [MainThread]:   role: SYSADMIN
[0m05:22:50.375222 [info ] [MainThread]:   schema: ANALYTICS
[0m05:22:50.375367 [info ] [MainThread]:   authenticator: None
[0m05:22:50.375508 [info ] [MainThread]:   oauth_client_id: None
[0m05:22:50.375650 [info ] [MainThread]:   query_tag: None
[0m05:22:50.375793 [info ] [MainThread]:   client_session_keep_alive: False
[0m05:22:50.375936 [info ] [MainThread]:   host: None
[0m05:22:50.376079 [info ] [MainThread]:   port: None
[0m05:22:50.376220 [info ] [MainThread]:   proxy_host: None
[0m05:22:50.376366 [info ] [MainThread]:   proxy_port: None
[0m05:22:50.376508 [info ] [MainThread]:   protocol: None
[0m05:22:50.376652 [info ] [MainThread]:   connect_retries: 1
[0m05:22:50.376794 [info ] [MainThread]:   connect_timeout: None
[0m05:22:50.376936 [info ] [MainThread]:   retry_on_database_errors: False
[0m05:22:50.377079 [info ] [MainThread]:   retry_all: False
[0m05:22:50.377223 [info ] [MainThread]:   insecure_mode: False
[0m05:22:50.377364 [info ] [MainThread]:   reuse_connections: True
[0m05:22:50.377508 [info ] [MainThread]:   s3_stage_vpce_dns_name: None
[0m05:22:50.377649 [info ] [MainThread]:   workload_identity_provider: None
[0m05:22:50.377791 [info ] [MainThread]:   workload_identity_entra_resource: None
[0m05:22:50.377933 [info ] [MainThread]:   platform_detection_timeout_seconds: 0.0
[0m05:22:50.378314 [info ] [MainThread]: Registered adapter: snowflake=1.12.0
[0m05:22:50.433934 [debug] [MainThread]: Acquiring new snowflake connection 'debug'
[0m05:22:50.435537 [debug] [MainThread]: Using snowflake connection "debug"
[0m05:22:50.435718 [debug] [MainThread]: On debug: select 1 as id
[0m05:22:50.435868 [debug] [MainThread]: Opening a new connection, currently in state init
[0m05:22:50.500201 [debug] [MainThread]: Snowflake adapter: Error running SQL: select 1 as id
[0m05:22:50.500384 [debug] [MainThread]: Snowflake adapter: Rolling back transaction.
[0m05:22:50.500576 [info ] [MainThread]:   Connection test: [[31mERROR[0m]

[0m05:22:50.500761 [info ] [MainThread]: [31m1 check failed:[0m
[0m05:22:50.500919 [info ] [MainThread]: dbt was unable to connect to the specified database.
The database returned the following error:

  >Database Error
  251001: Invalid account identifier: only letters, digits, '_' and '-' allowed; no dots or slashes

Check your database credentials and try again. For more information, visit:
https://docs.getdbt.com/docs/configure-your-profile


[0m05:22:50.502812 [debug] [MainThread]: Resource report: {"command_name": "debug", "command_success": false, "command_wall_clock_time": 0.56125504, "process_in_blocks": "0", "process_kernel_time": 0.224098, "process_mem_max_rss": "173932544", "process_out_blocks": "0", "process_user_time": 1.050823}
[0m05:22:50.503292 [debug] [MainThread]: Command `dbt debug` failed at 05:22:50.503246 after 0.56 seconds
[0m05:22:50.503469 [debug] [MainThread]: Connection 'debug' was left open.
[0m05:22:50.503609 [debug] [MainThread]: On debug: No close available on handle
[0m05:22:50.503782 [debug] [MainThread]: Sending event: {'category': 'dbt', 'action': 'invocation', 'label': 'end', 'context': [<snowplow_tracker.self_describing_json.SelfDescribingJson object at 0x10eed10f0>, <snowplow_tracker.self_describing_json.SelfDescribingJson object at 0x10ed6fad0>, <snowplow_tracker.self_describing_json.SelfDescribingJson object at 0x10ed33240>]}
[0m05:22:50.503995 [debug] [MainThread]: Flushing usage events
[0m05:22:50.698434 [debug] [MainThread]: An error was encountered while trying to flush usage events
[0m05:23:15.246956 [debug] [MainThread]: Sending event: {'category': 'dbt', 'action': 'invocation', 'label': 'start', 'context': [<snowplow_tracker.self_describing_json.SelfDescribingJson object at 0x1097d46e0>, <snowplow_tracker.self_describing_json.SelfDescribingJson object at 0x10acd6fd0>, <snowplow_tracker.self_describing_json.SelfDescribingJson object at 0x10acd6e90>]}


============================== 05:23:15.250116 | 1f93e8bf-fcba-4a26-89d2-f41f8a173a3c ==============================
[0m05:23:15.250116 [info ] [MainThread]: Running with dbt=1.12.0
[0m05:23:15.250448 [debug] [MainThread]: running dbt with arguments {'static_parser': 'True', 'no_print': 'None', 'use_colors': 'True', 'warn_error_options': 'WarnErrorOptionsV2(error=[], warn=[], silence=[])', 'log_format': 'default', 'indirect_selection': 'eager', 'target_path': 'None', 'profiles_dir': '.', 'warn_error': 'None', 'debug': 'False', 'introspect': 'True', 'use_experimental_parser': 'False', 'cache_selected_only': 'False', 'partial_parse': 'True', 'fail_fast': 'False', 'quiet': 'False', 'empty': 'None', 'log_path': '/Users/prabhushankar/Documents/NYC_TLC/dbt/logs', 'write_json': 'True', 'printer_width': '80', 'version_check': 'True', 'invocation_command': 'dbt debug', 'hints_enabled': 'True', 'log_cache_events': 'False', 'send_anonymous_usage_stats': 'True', 'maximum_seed_size_mib': '1'}
[0m05:23:15.260256 [info ] [MainThread]: dbt version: 1.12.0
[0m05:23:15.260501 [info ] [MainThread]: python version: 3.14.3
[0m05:23:15.260669 [info ] [MainThread]: python path: /Users/prabhushankar/Documents/NYC_TLC/venv/bin/python3.14
[0m05:23:15.260820 [info ] [MainThread]: os info: macOS-26.5-arm64-arm-64bit-Mach-O
[0m05:23:15.513704 [debug] [MainThread]: Snowflake adapter: Setting snowflake.connector to ERROR (file logging only)
[0m05:23:15.513987 [debug] [MainThread]: Snowflake adapter: Setting botocore to ERROR (file logging only)
[0m05:23:15.514154 [debug] [MainThread]: Snowflake adapter: Setting boto3 to ERROR (file logging only)
[0m05:23:15.572632 [info ] [MainThread]: Using profiles dir at .
[0m05:23:15.572886 [info ] [MainThread]: Using profiles.yml file at ./profiles.yml
[0m05:23:15.573062 [info ] [MainThread]: Using dbt_project.yml file at /Users/prabhushankar/Documents/NYC_TLC/dbt/dbt_project.yml
[0m05:23:15.573493 [info ] [MainThread]: adapter type: snowflake
[0m05:23:15.573656 [info ] [MainThread]: adapter version: 1.12.0
[0m05:23:15.628625 [info ] [MainThread]: Configuration:
[0m05:23:15.628946 [info ] [MainThread]:   profiles.yml file [[32mOK found and valid[0m]
[0m05:23:15.629132 [info ] [MainThread]:   dbt_project.yml file [[32mOK found and valid[0m]
[0m05:23:15.629567 [info ] [MainThread]: Required dependencies:
[0m05:23:15.630156 [debug] [MainThread]: Executing "git --help"
[0m05:23:15.650452 [debug] [MainThread]: STDOUT: "b"usage: git [-v | --version] [-h | --help] [-C <path>] [-c <name>=<value>]\n           [--exec-path[=<path>]] [--html-path] [--man-path] [--info-path]\n           [-p | --paginate | -P | --no-pager] [--no-replace-objects] [--bare]\n           [--git-dir=<path>] [--work-tree=<path>] [--namespace=<name>]\n           [--super-prefix=<path>] [--config-env=<name>=<envvar>]\n           <command> [<args>]\n\nThese are common Git commands used in various situations:\n\nstart a working area (see also: git help tutorial)\n   clone     Clone a repository into a new directory\n   init      Create an empty Git repository or reinitialize an existing one\n\nwork on the current change (see also: git help everyday)\n   add       Add file contents to the index\n   mv        Move or rename a file, a directory, or a symlink\n   restore   Restore working tree files\n   rm        Remove files from the working tree and from the index\n\nexamine the history and state (see also: git help revisions)\n   bisect    Use binary search to find the commit that introduced a bug\n   diff      Show changes between commits, commit and working tree, etc\n   grep      Print lines matching a pattern\n   log       Show commit logs\n   show      Show various types of objects\n   status    Show the working tree status\n\ngrow, mark and tweak your common history\n   branch    List, create, or delete branches\n   commit    Record changes to the repository\n   merge     Join two or more development histories together\n   rebase    Reapply commits on top of another base tip\n   reset     Reset current HEAD to the specified state\n   switch    Switch branches\n   tag       Create, list, delete or verify a tag object signed with GPG\n\ncollaborate (see also: git help workflows)\n   fetch     Download objects and refs from another repository\n   pull      Fetch from and integrate with another repository or a local branch\n   push      Update remote refs along with associated objects\n\n'git help -a' and 'git help -g' list available subcommands and some\nconcept guides. See 'git help <command>' or 'git help <concept>'\nto read about a specific subcommand or concept.\nSee 'git help git' for an overview of the system.\n""
[0m05:23:15.651081 [debug] [MainThread]: STDERR: "b''"
[0m05:23:15.651285 [info ] [MainThread]:  - git [[32mOK found[0m]

[0m05:23:15.651474 [info ] [MainThread]: Connection:
[0m05:23:15.651682 [info ] [MainThread]:   account: ...
[0m05:23:15.651835 [info ] [MainThread]:   user: ...
[0m05:23:15.651978 [info ] [MainThread]:   database: NYC_TAXI
[0m05:23:15.652121 [info ] [MainThread]:   warehouse: LOAD_WH
[0m05:23:15.652261 [info ] [MainThread]:   role: SYSADMIN
[0m05:23:15.652398 [info ] [MainThread]:   schema: ANALYTICS
[0m05:23:15.652572 [info ] [MainThread]:   authenticator: None
[0m05:23:15.652713 [info ] [MainThread]:   oauth_client_id: None
[0m05:23:15.652852 [info ] [MainThread]:   query_tag: None
[0m05:23:15.652992 [info ] [MainThread]:   client_session_keep_alive: False
[0m05:23:15.653138 [info ] [MainThread]:   host: None
[0m05:23:15.653275 [info ] [MainThread]:   port: None
[0m05:23:15.653407 [info ] [MainThread]:   proxy_host: None
[0m05:23:15.653545 [info ] [MainThread]:   proxy_port: None
[0m05:23:15.653679 [info ] [MainThread]:   protocol: None
[0m05:23:15.653817 [info ] [MainThread]:   connect_retries: 1
[0m05:23:15.653956 [info ] [MainThread]:   connect_timeout: None
[0m05:23:15.654293 [info ] [MainThread]:   retry_on_database_errors: False
[0m05:23:15.654520 [info ] [MainThread]:   retry_all: False
[0m05:23:15.654680 [info ] [MainThread]:   insecure_mode: False
[0m05:23:15.654825 [info ] [MainThread]:   reuse_connections: True
[0m05:23:15.654969 [info ] [MainThread]:   s3_stage_vpce_dns_name: None
[0m05:23:15.655106 [info ] [MainThread]:   workload_identity_provider: None
[0m05:23:15.655247 [info ] [MainThread]:   workload_identity_entra_resource: None
[0m05:23:15.655386 [info ] [MainThread]:   platform_detection_timeout_seconds: 0.0
[0m05:23:15.655750 [info ] [MainThread]: Registered adapter: snowflake=1.12.0
[0m05:23:15.712793 [debug] [MainThread]: Acquiring new snowflake connection 'debug'
[0m05:23:15.714516 [debug] [MainThread]: Using snowflake connection "debug"
[0m05:23:15.714709 [debug] [MainThread]: On debug: select 1 as id
[0m05:23:15.714860 [debug] [MainThread]: Opening a new connection, currently in state init
[0m05:23:15.789694 [debug] [MainThread]: Snowflake adapter: Error running SQL: select 1 as id
[0m05:23:15.789895 [debug] [MainThread]: Snowflake adapter: Rolling back transaction.
[0m05:23:15.790095 [info ] [MainThread]:   Connection test: [[31mERROR[0m]

[0m05:23:15.790277 [info ] [MainThread]: [31m1 check failed:[0m
[0m05:23:15.790437 [info ] [MainThread]: dbt was unable to connect to the specified database.
The database returned the following error:

  >Database Error
  251001: Invalid account identifier: only letters, digits, '_' and '-' allowed; no dots or slashes

Check your database credentials and try again. For more information, visit:
https://docs.getdbt.com/docs/configure-your-profile


[0m05:23:15.792715 [debug] [MainThread]: Resource report: {"command_name": "debug", "command_success": false, "command_wall_clock_time": 0.59476185, "process_in_blocks": "0", "process_kernel_time": 0.241104, "process_mem_max_rss": "174587904", "process_out_blocks": "0", "process_user_time": 1.021781}
[0m05:23:15.793197 [debug] [MainThread]: Command `dbt debug` failed at 05:23:15.793149 after 0.60 seconds
[0m05:23:15.793376 [debug] [MainThread]: Connection 'debug' was left open.
[0m05:23:15.793519 [debug] [MainThread]: On debug: No close available on handle
[0m05:23:15.793694 [debug] [MainThread]: Sending event: {'category': 'dbt', 'action': 'invocation', 'label': 'end', 'context': [<snowplow_tracker.self_describing_json.SelfDescribingJson object at 0x10d44d0f0>, <snowplow_tracker.self_describing_json.SelfDescribingJson object at 0x10d2ebad0>, <snowplow_tracker.self_describing_json.SelfDescribingJson object at 0x10d293240>]}
[0m05:23:15.793905 [debug] [MainThread]: Flushing usage events
[0m05:23:15.988729 [debug] [MainThread]: An error was encountered while trying to flush usage events
[0m05:25:09.038474 [debug] [MainThread]: Sending event: {'category': 'dbt', 'action': 'invocation', 'label': 'start', 'context': [<snowplow_tracker.self_describing_json.SelfDescribingJson object at 0x10ce646e0>, <snowplow_tracker.self_describing_json.SelfDescribingJson object at 0x10e366fd0>, <snowplow_tracker.self_describing_json.SelfDescribingJson object at 0x10e366e90>]}


============================== 05:25:09.041691 | 0226e8d0-823a-4758-ad8c-39de7c3a860c ==============================
[0m05:25:09.041691 [info ] [MainThread]: Running with dbt=1.12.0
[0m05:25:09.042030 [debug] [MainThread]: running dbt with arguments {'indirect_selection': 'eager', 'profiles_dir': '.', 'printer_width': '80', 'use_colors': 'True', 'hints_enabled': 'True', 'static_parser': 'True', 'log_path': '/Users/prabhushankar/Documents/NYC_TLC/dbt/logs', 'log_cache_events': 'False', 'fail_fast': 'False', 'partial_parse': 'True', 'warn_error_options': 'WarnErrorOptionsV2(error=[], warn=[], silence=[])', 'send_anonymous_usage_stats': 'True', 'warn_error': 'None', 'invocation_command': 'dbt debug', 'version_check': 'True', 'no_print': 'None', 'write_json': 'True', 'target_path': 'None', 'use_experimental_parser': 'False', 'empty': 'None', 'introspect': 'True', 'quiet': 'False', 'log_format': 'default', 'debug': 'False', 'cache_selected_only': 'False', 'maximum_seed_size_mib': '1'}
[0m05:25:09.052071 [info ] [MainThread]: dbt version: 1.12.0
[0m05:25:09.052312 [info ] [MainThread]: python version: 3.14.3
[0m05:25:09.052475 [info ] [MainThread]: python path: /Users/prabhushankar/Documents/NYC_TLC/venv/bin/python3.14
[0m05:25:09.052849 [info ] [MainThread]: os info: macOS-26.5-arm64-arm-64bit-Mach-O
[0m05:25:09.354626 [debug] [MainThread]: Snowflake adapter: Setting snowflake.connector to ERROR (file logging only)
[0m05:25:09.354923 [debug] [MainThread]: Snowflake adapter: Setting botocore to ERROR (file logging only)
[0m05:25:09.355087 [debug] [MainThread]: Snowflake adapter: Setting boto3 to ERROR (file logging only)
[0m05:25:09.417335 [info ] [MainThread]: Using profiles dir at .
[0m05:25:09.417629 [info ] [MainThread]: Using profiles.yml file at ./profiles.yml
[0m05:25:09.417814 [info ] [MainThread]: Using dbt_project.yml file at /Users/prabhushankar/Documents/NYC_TLC/dbt/dbt_project.yml
[0m05:25:09.418484 [info ] [MainThread]: adapter type: snowflake
[0m05:25:09.418658 [info ] [MainThread]: adapter version: 1.12.0
[0m05:25:09.473468 [info ] [MainThread]: Configuration:
[0m05:25:09.473828 [info ] [MainThread]:   profiles.yml file [[32mOK found and valid[0m]
[0m05:25:09.474005 [info ] [MainThread]:   dbt_project.yml file [[32mOK found and valid[0m]
[0m05:25:09.474166 [info ] [MainThread]: Required dependencies:
[0m05:25:09.474423 [debug] [MainThread]: Executing "git --help"
[0m05:25:09.555961 [debug] [MainThread]: STDOUT: "b"usage: git [-v | --version] [-h | --help] [-C <path>] [-c <name>=<value>]\n           [--exec-path[=<path>]] [--html-path] [--man-path] [--info-path]\n           [-p | --paginate | -P | --no-pager] [--no-replace-objects] [--bare]\n           [--git-dir=<path>] [--work-tree=<path>] [--namespace=<name>]\n           [--super-prefix=<path>] [--config-env=<name>=<envvar>]\n           <command> [<args>]\n\nThese are common Git commands used in various situations:\n\nstart a working area (see also: git help tutorial)\n   clone     Clone a repository into a new directory\n   init      Create an empty Git repository or reinitialize an existing one\n\nwork on the current change (see also: git help everyday)\n   add       Add file contents to the index\n   mv        Move or rename a file, a directory, or a symlink\n   restore   Restore working tree files\n   rm        Remove files from the working tree and from the index\n\nexamine the history and state (see also: git help revisions)\n   bisect    Use binary search to find the commit that introduced a bug\n   diff      Show changes between commits, commit and working tree, etc\n   grep      Print lines matching a pattern\n   log       Show commit logs\n   show      Show various types of objects\n   status    Show the working tree status\n\ngrow, mark and tweak your common history\n   branch    List, create, or delete branches\n   commit    Record changes to the repository\n   merge     Join two or more development histories together\n   rebase    Reapply commits on top of another base tip\n   reset     Reset current HEAD to the specified state\n   switch    Switch branches\n   tag       Create, list, delete or verify a tag object signed with GPG\n\ncollaborate (see also: git help workflows)\n   fetch     Download objects and refs from another repository\n   pull      Fetch from and integrate with another repository or a local branch\n   push      Update remote refs along with associated objects\n\n'git help -a' and 'git help -g' list available subcommands and some\nconcept guides. See 'git help <command>' or 'git help <concept>'\nto read about a specific subcommand or concept.\nSee 'git help git' for an overview of the system.\n""
[0m05:25:09.556584 [debug] [MainThread]: STDERR: "b''"
[0m05:25:09.556805 [info ] [MainThread]:  - git [[32mOK found[0m]

[0m05:25:09.557004 [info ] [MainThread]: Connection:
[0m05:25:09.557216 [info ] [MainThread]:   account: DYYOIZK-CB67234
[0m05:25:09.557367 [info ] [MainThread]:   user: PRABHUS
[0m05:25:09.557510 [info ] [MainThread]:   database: NYC_TAXI
[0m05:25:09.557654 [info ] [MainThread]:   warehouse: LOAD_WH
[0m05:25:09.557794 [info ] [MainThread]:   role: SYSADMIN
[0m05:25:09.557933 [info ] [MainThread]:   schema: ANALYTICS
[0m05:25:09.558073 [info ] [MainThread]:   authenticator: None
[0m05:25:09.558216 [info ] [MainThread]:   oauth_client_id: None
[0m05:25:09.558355 [info ] [MainThread]:   query_tag: None
[0m05:25:09.558502 [info ] [MainThread]:   client_session_keep_alive: False
[0m05:25:09.558644 [info ] [MainThread]:   host: None
[0m05:25:09.558790 [info ] [MainThread]:   port: None
[0m05:25:09.558936 [info ] [MainThread]:   proxy_host: None
[0m05:25:09.559079 [info ] [MainThread]:   proxy_port: None
[0m05:25:09.559214 [info ] [MainThread]:   protocol: None
[0m05:25:09.559361 [info ] [MainThread]:   connect_retries: 1
[0m05:25:09.559509 [info ] [MainThread]:   connect_timeout: None
[0m05:25:09.559652 [info ] [MainThread]:   retry_on_database_errors: False
[0m05:25:09.559802 [info ] [MainThread]:   retry_all: False
[0m05:25:09.559942 [info ] [MainThread]:   insecure_mode: False
[0m05:25:09.560083 [info ] [MainThread]:   reuse_connections: True
[0m05:25:09.560230 [info ] [MainThread]:   s3_stage_vpce_dns_name: None
[0m05:25:09.560366 [info ] [MainThread]:   workload_identity_provider: None
[0m05:25:09.560511 [info ] [MainThread]:   workload_identity_entra_resource: None
[0m05:25:09.560654 [info ] [MainThread]:   platform_detection_timeout_seconds: 0.0
[0m05:25:09.561033 [info ] [MainThread]: Registered adapter: snowflake=1.12.0
[0m05:25:09.619376 [debug] [MainThread]: Acquiring new snowflake connection 'debug'
[0m05:25:09.620961 [debug] [MainThread]: Using snowflake connection "debug"
[0m05:25:09.621148 [debug] [MainThread]: On debug: select 1 as id
[0m05:25:09.621303 [debug] [MainThread]: Opening a new connection, currently in state init
[0m05:25:10.311652 [debug] [MainThread]: SQL status: SUCCESS 1 in 0.690 seconds
[0m05:25:10.313452 [info ] [MainThread]:   Connection test: [[32mOK connection ok[0m]

[0m05:25:10.314129 [info ] [MainThread]: [32mAll checks passed![0m
[0m05:25:10.319601 [debug] [MainThread]: Resource report: {"command_name": "debug", "command_success": true, "command_wall_clock_time": 1.3393775, "process_in_blocks": "0", "process_kernel_time": 0.274606, "process_mem_max_rss": "190545920", "process_out_blocks": "0", "process_user_time": 1.175234}
[0m05:25:10.320492 [debug] [MainThread]: Command `dbt debug` succeeded at 05:25:10.320350 after 1.34 seconds
[0m05:25:10.321085 [debug] [MainThread]: Connection 'debug' was left open.
[0m05:25:10.321594 [debug] [MainThread]: On debug: Close
[0m05:25:10.474302 [debug] [MainThread]: Sending event: {'category': 'dbt', 'action': 'invocation', 'label': 'end', 'context': [<snowplow_tracker.self_describing_json.SelfDescribingJson object at 0x1104236f0>, <snowplow_tracker.self_describing_json.SelfDescribingJson object at 0x11094fbf0>, <snowplow_tracker.self_describing_json.SelfDescribingJson object at 0x1108f7460>]}
[0m05:25:10.474765 [debug] [MainThread]: Flushing usage events
[0m05:25:10.812701 [debug] [MainThread]: An error was encountered while trying to flush usage events
